stim_name,wtc_code,source_audio_path,duration_s,simple_lowenergy_Mean,simple_brightness_Mean,simple_roughness_Mean,simple_centroid_Mean,spectral_centroid_Mean,spectral_centroid_Std,spectral_brightness_Mean,spectral_brightness_Std,spectral_spread_Mean,spectral_spread_Std,spectral_skewness_Mean,spectral_skewness_Std,spectral_kurtosis_Mean,spectral_kurtosis_Std,spectral_rolloff95_Mean,spectral_rolloff95_Std,spectral_rolloff85_Mean,spectral_rolloff85_Std,spectral_spectentropy_Mean,spectral_spectentropy_Std,spectral_flatness_Mean,spectral_flatness_Std,spectral_roughness_Mean,spectral_roughness_Std,spectral_irregularity_Mean,spectral_irregularity_Std,tonal_keyclarity_Mean,tonal_keyclarity_Std,tonal_mode_Mean,tonal_mode_Std,rhythm_tempo_Mean,rhythm_tempo_Std,rhythm_attack_time_Mean,rhythm_attack_time_Std,rhythm_attack_slope_Mean,rhythm_attack_slope_Std,dynamics_rms_Mean,dynamics_rms_Std,spectral_mfcc_Mean_1,spectral_mfcc_Mean_2,spectral_mfcc_Mean_3,spectral_mfcc_Mean_4,spectral_mfcc_Mean_5,spectral_mfcc_Mean_6,spectral_mfcc_Mean_7,spectral_mfcc_Mean_8,spectral_mfcc_Mean_9,spectral_mfcc_Mean_10,spectral_mfcc_Mean_11,spectral_mfcc_Mean_12,spectral_mfcc_Mean_13,spectral_mfcc_Std_1,spectral_mfcc_Std_2,spectral_mfcc_Std_3,spectral_mfcc_Std_4,spectral_mfcc_Std_5,spectral_mfcc_Std_6,spectral_mfcc_Std_7,spectral_mfcc_Std_8,spectral_mfcc_Std_9,spectral_mfcc_Std_10,spectral_mfcc_Std_11,spectral_mfcc_Std_12,spectral_mfcc_Std_13,spectral_dmfcc_Mean_1,spectral_dmfcc_Mean_2,spectral_dmfcc_Mean_3,spectral_dmfcc_Mean_4,spectral_dmfcc_Mean_5,spectral_dmfcc_Mean_6,spectral_dmfcc_Mean_7,spectral_dmfcc_Mean_8,spectral_dmfcc_Mean_9,spectral_dmfcc_Mean_10,spectral_dmfcc_Mean_11,spectral_dmfcc_Mean_12,spectral_dmfcc_Mean_13,spectral_ddmfcc_Mean_1,spectral_ddmfcc_Mean_2,spectral_ddmfcc_Mean_3,spectral_ddmfcc_Mean_4,spectral_ddmfcc_Mean_5,spectral_ddmfcc_Mean_6,spectral_ddmfcc_Mean_7,spectral_ddmfcc_Mean_8,spectral_ddmfcc_Mean_9,spectral_ddmfcc_Mean_10,spectral_ddmfcc_Mean_11,spectral_ddmfcc_Mean_12,spectral_ddmfcc_Mean_13,Mel_subband_amplitude_mean_1,Mel_subband_amplitude_mean_2,Mel_subband_amplitude_mean_3,Mel_subband_amplitude_mean_4,Mel_subband_amplitude_mean_5,Mel_subband_amplitude_mean_6,Mel_subband_amplitude_mean_7,Mel_subband_amplitude_mean_8,Mel_subband_amplitude_mean_9,Mel_subband_amplitude_mean_10,Mel_subband_amplitude_mean_11,Mel_subband_amplitude_mean_12,Mel_subband_amplitude_mean_13,Mel_subband_amplitude_mean_14,Mel_subband_amplitude_mean_15,Mel_subband_amplitude_mean_16,Mel_subband_amplitude_mean_17,Mel_subband_amplitude_mean_18,Mel_subband_amplitude_mean_19,Mel_subband_amplitude_mean_20,Mel_subband_amplitude_mean_21,Mel_subband_amplitude_mean_22,Mel_subband_amplitude_mean_23,Mel_subband_amplitude_mean_24,Mel_subband_amplitude_mean_25,Mel_subband_amplitude_mean_26,Mel_subband_amplitude_mean_27,Mel_subband_amplitude_mean_28,Mel_subband_amplitude_mean_29,Mel_subband_amplitude_mean_30,Mel_subband_amplitude_mean_31,Mel_subband_amplitude_mean_32,Mel_subband_amplitude_mean_33,Mel_subband_amplitude_mean_34,Mel_subband_amplitude_mean_35,Mel_subband_amplitude_mean_36,Mel_subband_amplitude_mean_37,Mel_subband_amplitude_mean_38,Mel_subband_amplitude_mean_39,Mel_subband_amplitude_mean_40,Mel_subband_amplitude_std_1,Mel_subband_amplitude_std_2,Mel_subband_amplitude_std_3,Mel_subband_amplitude_std_4,Mel_subband_amplitude_std_5,Mel_subband_amplitude_std_6,Mel_subband_amplitude_std_7,Mel_subband_amplitude_std_8,Mel_subband_amplitude_std_9,Mel_subband_amplitude_std_10,Mel_subband_amplitude_std_11,Mel_subband_amplitude_std_12,Mel_subband_amplitude_std_13,Mel_subband_amplitude_std_14,Mel_subband_amplitude_std_15,Mel_subband_amplitude_std_16,Mel_subband_amplitude_std_17,Mel_subband_amplitude_std_18,Mel_subband_amplitude_std_19,Mel_subband_amplitude_std_20,Mel_subband_amplitude_std_21,Mel_subband_amplitude_std_22,Mel_subband_amplitude_std_23,Mel_subband_amplitude_std_24,Mel_subband_amplitude_std_25,Mel_subband_amplitude_std_26,Mel_subband_amplitude_std_27,Mel_subband_amplitude_std_28,Mel_subband_amplitude_std_29,Mel_subband_amplitude_std_30,Mel_subband_amplitude_std_31,Mel_subband_amplitude_std_32,Mel_subband_amplitude_std_33,Mel_subband_amplitude_std_34,Mel_subband_amplitude_std_35,Mel_subband_amplitude_std_36,Mel_subband_amplitude_std_37,Mel_subband_amplitude_std_38,Mel_subband_amplitude_std_39,Mel_subband_amplitude_std_40
track1,wtc1p15,01_deployed_t0.wav,51.6315,0.539728682170543,0.193816587729097,169.656858023745,1125.76869675832,1234.57852708286,228.188546998143,0.187902419091165,0.0505258217511327,2228.99467355862,563.43590125072,6.90728612914987,1.15425536947846,62.1398240461622,21.3573852851886,3248.4490455665,1638.10865038341,1712.74438115764,386.084463073262,0.611567982568192,0.040219280296741,0.0470883724009017,0.0211811050746016,18359.8511383876,27850.1457454059,0.699104169433027,0.41450787463699,0.656552196581416,0.125560431824425,-0.0201610193548337,0.132164168081855,148.514903024648,40.1030345617538,0.091467889908257,0.0680253995057266,1.54157732708304,1.37516481236547,0.871966536041874,0.490122448102668,4.82517622208662,-1.07457701100605,0.620566276887883,-0.0777598522207762,0.0165876621262211,-0.216346842124591,-0.0375554945981515,-0.131502567145016,-0.199598500787398,-0.0156711704907101,0.0331760152828574,-0.120203799026351,-0.0376470824719657,0.691735104072973,0.397853226187491,0.334497519423927,0.393541886519223,0.309496367718771,0.333805758495435,0.311190331529159,0.306162365823591,0.357620458714147,0.329714878404289,0.329900914271114,0.378752766967916,0.346129455686939,-0.00115716112603657,0.000759322357657466,-0.000198534714619589,0.000180025531632216,-7.85590543853874e-05,8.08582475423087e-05,0.000152664312112407,7.04157496195605e-05,0.000163720595039038,0.000129368090535497,9.13140775102394e-05,0.000211483281486861,0.000302564349775305,8.12629844690416e-05,-5.94360631780723e-05,-2.75372552271942e-05,-7.69421305111703e-06,2.54322385663875e-05,0.000104174297601761,-4.99149518378279e-06,4.54645770169175e-05,5.74340630786628e-05,5.95975642295392e-05,9.43404402867851e-06,-7.07678838141572e-05,-0.000150248590689707,0.0379213069868196,0.0656271973316109,0.081308833851616,0.0662784015683988,0.0622219271678695,0.072521300486696,0.0685781670971953,0.0451930779262863,0.0440266286461274,0.0401864817089894,0.0389807089429773,0.038729980639394,0.0257427574884268,0.0293237596748565,0.0367928962567717,0.0305064100902574,0.0188540462592027,0.021770621878547,0.0178037099640089,0.0180542833385821,0.0200297324590827,0.0175115783228595,0.0140619165761386,0.0159836837156637,0.0113875494984767,0.00752978952709324,0.00619226898823606,0.00618658678075704,0.00575470130799152,0.00504096365445714,0.00460240640517325,0.00416712746054427,0.00338324594266298,0.00300146977316394,0.00273421179729841,0.00262559621273453,0.0024627437717616,0.00235102492854529,0.00229109906332706,0.00227980650939908,0.0367320066671677,0.0551542425750757,0.0676566850586746,0.0604313697367419,0.0553795805091784,0.0704530546374949,0.0642761529401007,0.0515037768683116,0.0501806572420899,0.0402685904939455,0.0621121470590694,0.0548223206988592,0.0480055379185193,0.05649135930118,0.0380196400943961,0.0305658870599644,0.0157274408508661,0.016258373725489,0.0137204797276503,0.0155237752350677,0.0154172713007539,0.013382429451272,0.0123969560204351,0.0122824420087684,0.00923559400861877,0.00604038490892238,0.00467022879770224,0.00504851130794611,0.00504415329743181,0.00459289418733713,0.00380280543618162,0.0036347314604295,0.00251789145127804,0.00216309325198532,0.00192844791799543,0.00175823103257395,0.00152265715739824,0.00138205934765749,0.00128686280334422,0.00128918113686515
track10,wtc1p03,01_deployed_t0.wav,82.277375,0.564741641337386,0.138903115949354,454.299091129585,955.20759059785,1091.59067654511,189.544202302453,0.14147222458985,0.0415132488627141,2140.8678405271,496.938288407817,7.31310817382176,1.23207887536629,68.0224680345624,23.6766155604144,2885.21616107176,1443.60752371291,1448.74716084078,332.806658318892,0.578514705754538,0.0442182206105537,0.0432307547391287,0.0183687728987718,16652.4021652901,29806.1459684193,0.854716450450854,0.489185353013388,0.639080258560095,0.111542994140955,-0.0358637880288748,0.113415768544437,128.566976866947,27.4026244037391,0.0891869918699186,0.0730679694300347,2.24121507569691,1.6675071435915,0.867917303007644,0.497052654121239,5.04863915092322,-0.681936566302838,0.658455321600512,-0.129895486246576,0.0496398586688173,-0.276800666223777,-0.10663059035182,-0.001404436460724,0.0820793844860374,-0.07937572720561,0.0359629002779066,0.0131681520256576,-0.124844503453338,0.641345667349383,0.336912340963065,0.437915261820387,0.438375629415582,0.380443803491044,0.326862231854917,0.377009485299731,0.372848547275992,0.395510099146955,0.435861705210241,0.379147083004302,0.358859538268903,0.268848606885771,-0.00132362255212025,0.000100312873657701,0.000102662238342336,0.000124759148301697,0.000227555898393518,0.000159744588780037,-7.05394041798404e-05,-5.32393300527451e-05,-2.59815249671274e-05,-0.000262223708999198,-7.65988463262687e-05,0.00018691036505001,0.000116781341191738,-3.11804147294771e-05,6.63920249228276e-05,-3.0397188116679e-05,1.06778114440528e-05,-3.57566264419255e-05,3.98912846476962e-06,-8.39050808560458e-06,5.11198738109791e-05,5.05199522852284e-05,2.67528696421928e-05,-7.99197400825099e-06,-8.74722459218347e-05,-2.75053557763923e-05,0.0470627392412339,0.0732787260367061,0.0860355420049715,0.0801122046540599,0.0556871315033503,0.0556379560318935,0.0822790657029372,0.0898394587190502,0.0704355056157161,0.0564986309028813,0.0447763076443145,0.0199492864093765,0.0194654916395265,0.018260673042146,0.0179353225921107,0.017680799134013,0.016021819339365,0.0121179816478234,0.0127002514264084,0.017323794014141,0.0149122279008887,0.0097559687148631,0.0103395779762042,0.00704656904587784,0.00546798230259313,0.00702676785018819,0.0065113717673718,0.00560987835130899,0.00585286830680611,0.00414218691417813,0.00374815977472081,0.00337799902360138,0.00329521409767347,0.00319616264312427,0.00298083738328812,0.00287528833241988,0.00276383094845405,0.00269145364026159,0.00266153763691682,0.00264543008723448,0.0439672836580173,0.0661629630359355,0.0913435153378781,0.0822034882982463,0.0552902044721419,0.0540721042124593,0.111293064240229,0.13549328476201,0.115891379605312,0.0811445265882872,0.0733877211108234,0.0286271743996062,0.02412443794941,0.0185130680264418,0.0193401851724529,0.0154204789436765,0.011601168307781,0.00888769824917232,0.0108302783942509,0.0134933145182546,0.0119645602172255,0.00788375738599028,0.00856744550897481,0.00559845395332296,0.00366930430199597,0.00666360872408574,0.00612333787746823,0.00410369271400029,0.00435580502349296,0.00280510822241558,0.00248908043048802,0.00220628298356587,0.00198589398617773,0.00205373321970783,0.00185707095475202,0.00173653639419488,0.00164457608154228,0.00155534074162009,0.00152213655597939,0.00151383281417802
track11,wtc1p15,01_deployed_t0.wav,48.8502708333333,0.583205325140809,0.135362059647791,598.935581038626,892.146793708488,955.973052095557,282.349808224452,0.115227370515354,0.0393297759551315,1984.22304687298,551.798481366702,7.85786609005333,1.19027857472575,77.982688464975,22.2824821056104,2653.86784754224,2089.66228188286,1337.65360983103,799.679863790525,0.601728517941153,0.0268381610046103,0.0386285495684641,0.0234910550877524,26724.5376410078,31924.023006124,0.711586491132566,0.332217764239535,0.671174276098863,0.125032713837403,-0.00646024339412191,0.141799633320421,150.487594915309,39.0845225801923,0.0947619047619049,0.0793373425280547,1.22419939738192,1.01014020257488,0.909171933973928,0.416492117595545,5.42718910170579,-0.488083404550342,0.831582438332859,-0.00267996835701861,0.117232358035494,-0.111121951280917,-0.0525569626869092,-0.10704433336764,0.0818986901755936,0.0196054843678067,-0.0283743290483966,-0.0926260110183534,-0.131241569500945,0.553952514524321,0.374178723663687,0.298614653665615,0.293225293369993,0.257705630672647,0.29907168638694,0.31577507246568,0.298865209125797,0.302662708038406,0.319266713579073,0.268274966107181,0.256331320739976,0.25561411546312,-0.000783484768841139,0.00035939603094561,1.92771897205758e-05,0.000175945312537714,-5.78047096511511e-05,-0.000114057118846033,0.000141767729242641,0.000136863275563277,-6.8601936190422e-05,6.1634749730866e-06,3.85021129412876e-06,4.36798338725431e-05,0.000159745487684786,-5.76813224556622e-05,2.43404686870919e-06,-4.58205467767639e-05,3.20336887814584e-05,3.71003385786544e-05,8.40020023862148e-05,7.31378679402995e-05,2.20236248163854e-05,5.13338973407552e-05,2.16216138746748e-05,1.64073564406198e-05,4.8386713875422e-05,-7.65662571551529e-05,0.0846818830813432,0.103344438817583,0.0946890237026128,0.0853089179883636,0.0930733779704009,0.0783774712036951,0.0633752222962564,0.0353672336574346,0.0410923735053876,0.0461198407370369,0.028913771621181,0.0244255987677286,0.0159630850772962,0.0134347866405322,0.0197893785802186,0.0199906006172429,0.0146508043099673,0.0151176973537218,0.0125580664314873,0.011331253764862,0.0100175623949221,0.00993875451351365,0.0091145106897855,0.00893836797125069,0.00716102417434126,0.00599471898413682,0.00594656125055584,0.00551666297754481,0.00412523553595892,0.00386297224424139,0.0032247569444665,0.00325016180110508,0.00298253788055822,0.00276721581980029,0.00272024845110342,0.00265951166262089,0.00258694795870625,0.00254223015227477,0.00252605639601633,0.00251913607274555,0.0718816934905651,0.0758066312587939,0.0528175460851439,0.0591712441493281,0.0775983560319404,0.0690429521688475,0.0527940239557815,0.0338203804368258,0.0385483083353668,0.0416092339620447,0.0276289220411051,0.0276994503441608,0.021253971456714,0.0136858512123815,0.0151946431395446,0.0145008845250525,0.0113240905625224,0.00995523740083926,0.0095681846876772,0.0103711170307352,0.00871523073190738,0.00802686050266497,0.00766353607637069,0.00717376206251888,0.0053018135785901,0.00509497992629546,0.00444194949447594,0.0040295084246421,0.00277260908706544,0.0025858641591624,0.00198698529421682,0.00196323391219095,0.00167653026175649,0.00140447080807022,0.0013984232892681,0.00133396660384099,0.00124503899165746,0.00118016716278024,0.00117056039534616,0.00116217211934467
track12,wtc1p04,01_deployed_t0.wav,155.84425,0.538350449293967,0.116633622922048,438.496115251889,880.484397662339,940.01332598087,185.913704473957,0.106275611499848,0.0306211247284775,2080.13110765016,496.81833432773,7.63311751006003,1.31041563414361,73.0664434305021,25.5238491837999,2491.73494664634,1503.37469085477,1249.71668405006,260.83113791145,0.584709511765819,0.0290538873667271,0.040859461340164,0.0186984544503869,26377.5808258082,33003.6995396403,0.703096832362459,0.343196080798407,0.621412327520976,0.11574644273547,-0.0503131661482776,0.11930450978142,127.925555008647,44.172761839844,0.0973667711598744,0.0594785540277106,1.91406822136928,1.65592012792087,0.91623045702365,0.401013523517691,5.54097428983994,-0.603621570474593,0.556609075107888,0.19400535971954,0.112681029656428,-0.208016671716591,-0.140146542615599,-0.126767893713815,-0.0584792321668698,0.0635754478466889,-0.00481633117595996,-0.101204953312509,-0.0561783468542687,0.571316512060458,0.425015503534556,0.293894155857006,0.391144815416653,0.301927718727582,0.320684717056313,0.289532135683961,0.311582734839509,0.365400750640819,0.338710947022394,0.350611702682774,0.362973095484163,0.335275167202326,-0.000376445856459518,2.53704809866376e-05,-5.62606024338598e-05,-9.77666839683743e-05,2.20706909817427e-05,3.26187392258959e-05,2.15146818896314e-06,-7.24940573710283e-06,-2.28817700986381e-05,1.50937149944044e-05,2.32160136002814e-05,5.84799850321108e-05,4.29655791256866e-05,8.83209555343287e-06,-8.60870281951258e-06,-8.45914916851147e-07,3.08125106240417e-06,6.02671905157606e-06,9.96218608326863e-06,-2.75575134870334e-06,3.47045078954712e-06,1.19984476932313e-05,8.88632684477784e-06,8.90897811934594e-07,1.04339033491097e-06,3.74139878919715e-06,0.0820722900805211,0.101131282386361,0.0919139709994637,0.093636587457679,0.0793255914656821,0.0744606341008928,0.0715418617862758,0.0459854700486065,0.0315991265914943,0.0421070641141202,0.0314614862488977,0.0182077721489057,0.0164252442070121,0.0205958258558213,0.0176952692843696,0.0208633787571484,0.0210476495396128,0.017305133754687,0.015012398785662,0.0133408355881779,0.0123688895113168,0.00962742084382211,0.00849439763880023,0.00813210487840342,0.00634179208077139,0.00524705810359575,0.00505254188410101,0.00387106385460245,0.00330301325174572,0.00350788287329757,0.0034381732701522,0.00317639916392178,0.00311490061719771,0.00282540383328703,0.00272608284978843,0.00266077739792838,0.00260746955070664,0.00259246880215889,0.00259231756845943,0.00259096882455186,0.0670379853238778,0.0769902734664626,0.0759067509689519,0.072875597503554,0.0604222589963388,0.0623796881202434,0.0665902000694239,0.0506682448748078,0.0361515612124326,0.0398763044949685,0.0346928012515412,0.0248410355799966,0.016406932204458,0.0204947903167191,0.0164267630712602,0.0162894929512149,0.0147613064120068,0.0138535477832282,0.014382562911297,0.01098378816385,0.00976746737076154,0.00812122684892301,0.00608650384122493,0.00639243497481844,0.00581766306246302,0.00450396048735724,0.00377114766446565,0.00245932558491709,0.00181615052540454,0.00206190403998487,0.00218239914985464,0.00199289237362275,0.00189715777629988,0.00145305621093667,0.00136852689237328,0.00120366556948895,0.00114774043432838,0.00113457046190147,0.00113688478716383,0.00113379969949748
track13,wtc1p15,01_deployed_t0.wav,50.0420833333333,0.5325,0.119025455393373,781.363377409782,879.97867213876,1032.43313775952,508.190422294515,0.119766945053983,0.0444981807398662,2100.7008211077,797.843163985539,7.66558764514147,1.41410540051515,74.7410330800972,25.2236201888828,3001.072265625,3191.9683663559,1547.2734375,1703.10063448579,0.603633267305342,0.0308923989876668,0.0441569898385047,0.0386793355753245,32956.0651023099,38306.0503573282,0.773480579178933,0.341317871546854,0.667416607699835,0.128798179489442,-0.0302876772066058,0.145682612902145,153.967382126685,41.5543699937476,0.0803743315508021,0.0444847319942374,2.14035741546905,1.39929794658934,0.909304177795278,0.4171911515732,5.41440678750144,-0.531587994357804,0.793323200229218,0.0604759560478299,0.0901427743103577,-0.12048405560796,-0.0845169284148335,-0.128149195708549,0.0896073838205782,0.0348533548197238,0.000737383050413993,-0.048157945405647,-0.110799333513616,0.622335619584417,0.363739134025395,0.32159947806094,0.330920661602935,0.277735547586233,0.334877166411378,0.335504612332021,0.301695867233245,0.2885959791773,0.297045434018353,0.26033996195622,0.25399293662224,0.25725977080449,-0.00138675434138442,0.000542710039768893,-0.000251408633428239,0.00013828380162234,3.18999967956555e-05,-0.000223193285424541,9.58417775554547e-05,0.000239518365798043,-9.05965463013205e-05,-2.86474347230856e-05,6.98096169901967e-05,0.000160571768890422,0.000306064346706408,-6.33137737246473e-06,-5.10855898879716e-05,-1.1941187848986e-05,9.45954400898422e-06,3.61114979730609e-05,4.78094555788959e-05,7.42189317431966e-05,1.11301163601175e-05,3.70595809397918e-05,6.91880009052797e-05,5.25015323952288e-05,2.06009324610222e-06,-6.503675581632e-05,0.0791662724991554,0.095825253366368,0.0887475866186908,0.0788904183485455,0.0937040400872532,0.085015107734902,0.0723000624784694,0.0396192392119348,0.042649430958731,0.0464780266182993,0.0278074251049724,0.0236594304028652,0.0163589832689383,0.0138931452903672,0.0202349727381348,0.0212427178991947,0.0162570093334352,0.0160528391505756,0.0128430695892261,0.0114712088983829,0.0102380185531211,0.00988838340708587,0.00893477107639242,0.0089400604043952,0.00730823731805946,0.00600115517539963,0.00609136439332307,0.0054111017148552,0.00399041981531183,0.00369811764793096,0.0030782677301918,0.00319887933402237,0.002895071153811,0.00268056075769438,0.00268499898693423,0.00264397128020452,0.00255538576671295,0.0025297840828297,0.00251091042395386,0.00250430137932879,0.0579866226472514,0.0636860143380178,0.0563693325456369,0.058751488716538,0.0831571263709216,0.0790540009332663,0.0622075064742873,0.0395101528008287,0.0482928683243592,0.0504998004446739,0.0260302862900928,0.0317260096025627,0.027608357864725,0.0165384160669851,0.0174542914210544,0.016587671847899,0.0121377929880567,0.0116580950941418,0.0104646420414002,0.0111263802010339,0.00794133934057805,0.00735561948274441,0.0072626633147449,0.00730965605836809,0.00551467349802942,0.00515421844482569,0.00465989880103117,0.00397126891232648,0.00240936552474032,0.00230754856862866,0.00176970529275883,0.00200085321430134,0.00157898940357767,0.00129768129282776,0.0013169215235075,0.00128706440442498,0.00119513741056969,0.00116882517086992,0.00115423072794941,0.00114796735330595
track14,wtc1p17,01_deployed_t0.wav,69.8735625,0.531686358754028,0.214418024478562,415.161648716329,1122.82423516138,1328.06033131325,402.871139238064,0.215533276010854,0.0583328011610942,2311.78604947371,819.876230008117,6.69468924751139,1.3531822376104,60.4063629315463,23.0385748287699,3972.18885968093,3273.97622186547,1905.19766361494,768.262188735927,0.619593436509523,0.0460013706238161,0.0528603356534174,0.0380394546650685,25507.3813689426,38404.1356599636,0.772706255853711,0.433421517157171,0.656984851119176,0.113164711525572,-0.00217024439289402,0.123101555673891,113.846084341664,24.4732042916424,0.0770869565217393,0.0442081351989772,2.56864258780512,1.76234600865799,0.867739341842776,0.497715972765557,4.59164293827706,-1.14974240704134,0.723613143231947,-0.151873109077645,0.0917176352034179,-0.281037790513899,-0.155256980771621,-0.18011558663174,-0.198414222036787,-0.0285229376234638,-0.0093469138683069,-0.131125141395502,-0.14319263092495,0.644840645402301,0.39092684726486,0.309769063398772,0.299750470774243,0.256808296235249,0.327826001603533,0.306615711270585,0.290301640587789,0.332467109471963,0.326125456112613,0.374635847211798,0.413303577416212,0.379045172685254,-0.00099927818709876,0.000631188344122726,-0.000159676361979775,6.71477757935743e-05,-5.80099109895056e-05,-8.98359376831806e-06,-7.9135741975182e-05,-2.79873338137902e-06,-4.34995599589599e-06,1.63336558151672e-05,0.000147842553548943,8.81562751451979e-05,-4.11713051052938e-05,1.83971914499116e-05,-1.7482078436128e-05,-1.09282976928672e-05,-1.01401442892771e-05,3.94262623790583e-06,1.03279545937138e-06,-1.2867671268741e-05,-1.51007033865234e-05,5.75543600173888e-06,1.503377160429e-05,3.5189787764437e-06,-1.35230284094022e-06,-1.58586306509644e-05,0.0303022324018982,0.0569360755466292,0.0879811341945168,0.0859866326254494,0.0619090399908114,0.0664251498382291,0.0685210921314458,0.0576730593174423,0.0381576110931963,0.0344586853338382,0.0357764845036646,0.0216310202336762,0.0276589216529015,0.0205869471184927,0.0346415105678444,0.039262030864375,0.0271212404482565,0.0165953297153643,0.0194630555377355,0.0247227755975143,0.0184261710221701,0.0178083492127305,0.0181843104716456,0.0128151248932411,0.00984004727735464,0.00981779198171961,0.00836976897345829,0.00618813702301035,0.00604806800046978,0.0059553893400749,0.00509830269321333,0.00432601978281547,0.00408999431171522,0.002979351934751,0.00261433970002104,0.00245983488886712,0.0024056568202594,0.0022876539425197,0.0022462904527708,0.00222936856391048,0.0273587921290302,0.0632524591661136,0.0875547839519804,0.0667630719855937,0.047139253254955,0.0636695676975384,0.0701161308160791,0.0604194642866833,0.0470719064760109,0.0332500442515664,0.0330701754067096,0.0236820108426121,0.0240846167347849,0.0186287503869919,0.0439007509751915,0.0397968063056043,0.0213685952571689,0.0143809092176497,0.0159711702787521,0.0199739530914701,0.0164411957426447,0.0152650877586454,0.0141512588454275,0.0116330794459904,0.00985438824542277,0.00796420538683625,0.00692453603403672,0.00467345981434458,0.00439365995781621,0.00469433387964521,0.00428405505639912,0.00357362973379328,0.00325437228578031,0.00202537048154656,0.00174201401131304,0.00151174646793911,0.00148707876313013,0.00132827644819566,0.001294643549806,0.00127879084524689
track15,wtc1p03,01_deployed_t0.wav,72.1329166666667,0.561373092926491,0.156917047425785,225.213019342757,1078.23064944086,1244.47650890804,400.352781752442,0.157852164597301,0.0540698178922709,2329.00043238462,580.485080817483,6.80359854758681,1.23774102376326,58.7182513242899,21.697691074814,3393.25538007636,2565.32759275082,1650.75331916001,1112.88421371386,0.600648607920347,0.048625952666584,0.0522293240528987,0.0248900137863771,16414.4647991966,36880.1126210194,0.836371659232043,0.459127976984202,0.635602367973829,0.121136212847195,-0.0204904250455287,0.1219918510575,130.034820779388,25.836031826404,0.0752155172413792,0.0642839084352687,2.14530816015624,1.75490473341834,0.868303445803126,0.496493055158224,5.09081383934078,-0.914003948329447,0.303840625867208,-0.116429698395865,-0.0400839789483359,-0.263157642358008,-0.119605467263857,-0.0424657357190114,-0.0735680662883055,0.023527439151797,0.0138805047851916,-0.105350721869133,-0.084055025438906,0.589246847378853,0.504629238619344,0.346814423874741,0.394536211555258,0.281348832054205,0.341786547941512,0.379025043611009,0.308272923436347,0.386019428558884,0.412956611019128,0.388000080181418,0.347935109137067,0.320459978186651,-0.00103359781345548,-4.53590374510114e-05,0.000190988151409124,0.000235601693088335,6.08661233249486e-05,0.000182509306805498,0.000150819551951868,-1.75032912137539e-05,-0.000180768118128628,-0.000269304434857025,-5.34247801021005e-05,0.000154235428639115,-2.61979029443165e-06,1.11911273716493e-06,1.86370786969355e-05,-4.59919050673839e-05,-2.85486303633759e-05,-9.28298198583199e-06,-1.80729122091739e-05,-1.20969976376395e-05,1.88697473947121e-05,9.73967863003146e-05,7.6740943266846e-05,-2.5287297282538e-05,-9.32715649416497e-05,-2.12717088222114e-05,0.0318289333377907,0.0553150473910203,0.0729044718916889,0.0680155601017486,0.0503414245215156,0.0719331878927299,0.0810485562503645,0.0733278064465448,0.0618289748510176,0.0540552987369366,0.0513351489960765,0.0292609176230027,0.0288282148987557,0.0255447571593079,0.0268610451420018,0.0243543062371381,0.0238065411004443,0.0195940055955672,0.0163307755044162,0.020372027332354,0.0158383946372971,0.0125284896159301,0.0139725109985891,0.0103263750257493,0.00812673045912852,0.00558444905327714,0.00517587561503409,0.00459508366943153,0.00502667402918582,0.00438032026377454,0.00371737746731926,0.00343168080164951,0.00304993242144202,0.00272061280991325,0.00262293209052011,0.00247615650129282,0.00243783606008002,0.00237083098654716,0.00236766231545485,0.00236307416796195,0.0283829280297667,0.062238570456317,0.0717722065072782,0.0639693672373603,0.0444243368658435,0.0738746297428627,0.0837777066914931,0.0918868525310932,0.0854883403532732,0.0664380591663325,0.0673237588141031,0.0404528978150927,0.036185553081436,0.0337582740154014,0.0316452460075436,0.0251365164261215,0.0212609649345228,0.0193438454588382,0.0174111135553758,0.020422316020204,0.0164760881868569,0.0132918839839555,0.013978792727218,0.0111645112569936,0.00968985870322783,0.00522522663615954,0.00461815507444614,0.0041217258013599,0.00474418079416498,0.00434958268784241,0.00354073926679296,0.00312694334112934,0.00234627780111853,0.00193815725044605,0.00183752330354944,0.00151815284767143,0.00149270816926223,0.00135442373536842,0.00135426971248179,0.00134399673720555
track16,wtc1f05,01_deployed_t0.wav,105.271166666667,0.544072226181991,0.111799507208478,504.653097763932,878.386275093072,995.240644145465,389.049147571985,0.0988884341716711,0.0378332418588863,2075.82601528542,563.554847041363,7.73181058249053,1.39251859223103,74.6827668821018,27.3951893542019,2557.77240734141,2145.49800978569,1298.23369565217,1231.97685737571,0.579286979833088,0.0352233618030867,0.0398135014636564,0.0218219904061643,33326.3319206507,41014.6905213597,0.7574354303258,0.360854656046954,0.687646365287836,0.121120279040507,-0.0032890613892157,0.141800700863639,110.896623975831,41.4677204892913,0.090754716981132,0.054480712935038,2.13588379806435,1.72118444794423,0.900910935379022,0.434529339676676,5.64858143323545,-0.431409144941136,0.483065364005845,0.0304003864583386,0.12530274564336,-0.0757643145413033,-0.0752314300534221,-0.223229934537323,-0.0302337086955147,-0.165842159041215,-0.0730359332023622,-0.107795111610347,-0.0772301075541554,0.601503742138619,0.508993181115569,0.377425750932047,0.352120595742242,0.324148834376773,0.339498164840567,0.345824029178426,0.347803649793444,0.339798794617518,0.346719861774534,0.336359797551819,0.305594446923748,0.315115516986096,-0.00104048732616909,3.30377209128001e-07,0.000192957713951124,7.22670586185875e-05,-9.04693315792042e-06,1.92027354677272e-05,0.000106297898424979,0.000112154221218166,0.000122801452331389,0.000161002122478809,0.000125066305547153,1.57585506484288e-05,-3.01963168818816e-05,-1.13588918939665e-05,2.01281231989883e-05,-2.93565925420486e-06,-9.09470298188355e-06,-3.52107104816362e-06,-1.85380724179911e-05,-1.77149641407804e-05,1.41655816774151e-05,1.40806958717294e-05,-2.50462738897138e-06,-3.04346995005423e-06,-6.27066903994158e-07,6.22519613862599e-06,0.0638946386480092,0.0880294533847634,0.11235941545615,0.118567268167352,0.0855355638630823,0.0673738573532248,0.064862331671724,0.0326430718395743,0.0411172864367049,0.0448676501181878,0.0237518919301967,0.0282151082067205,0.0214448877499831,0.0184949456028102,0.0272386193278396,0.0196755293096808,0.0125777579403641,0.0184762946995162,0.0138368236690352,0.00848129225366052,0.0104035319203031,0.00963444583308594,0.00740400850656327,0.00641242793501804,0.00623419877214095,0.00563914029253479,0.00451282872230384,0.00427446574162211,0.00377924619766426,0.00337470794203541,0.00306794545711029,0.00294912727401981,0.00277036647701721,0.00270325456313758,0.00264532230129455,0.0026141873499642,0.00257986950523231,0.0025375101142713,0.00251242410112813,0.00250730336497291,0.0481533462305839,0.0721705307097389,0.0841035501994733,0.0861053588493086,0.0694589547625715,0.0581256637689542,0.0591119705413979,0.0389257370873659,0.0496922798139043,0.053116267973318,0.0274278851733862,0.0287233811616123,0.0226944701485776,0.0183181720495532,0.0253650565562737,0.0186081981785266,0.0108940195869716,0.0147686934051631,0.0129676784672064,0.00718359671617793,0.00885120682071598,0.00806941409761776,0.00760901686258525,0.00499158792784101,0.00523487731658594,0.00555942881602747,0.00368879261468705,0.00310566529855972,0.00256294329972695,0.00222878145821969,0.00194651825671191,0.00186469634775429,0.0015653229084181,0.00145685714358917,0.00139110901441016,0.00134744389695262,0.00129462061135028,0.00124639547192646,0.00121470818710436,0.00121006283080454
track17,wtc2f07,01_deployed_t0.wav,114.201104166667,0.569739435077732,0.141491615004114,350.218231276185,946.50228563803,1048.20707116418,330.913369449043,0.127841534182063,0.0392667093989972,2159.09164116155,570.978011348501,7.43303771897101,1.31468759043797,69.7315009986601,25.5491099899857,3046.35456943217,2987.43833107614,1381.10362350862,611.044806902429,0.568489198199183,0.0423458546420272,0.0411625755850321,0.017487733124654,21037.408826989,33927.3846254774,0.747168686816059,0.443299533718795,0.675586468660384,0.11663818181433,-0.0262241120709913,0.137411518894782,132.744514994658,36.7315849121907,0.107262569832402,0.124095800688078,2.42804807453616,2.38639141268765,0.853485756679423,0.521372611484761,5.2993892085441,-0.554376314181054,0.774567078441547,0.20158399110234,0.253745343641193,-0.149259466456396,-0.169913537944107,-0.105786854666102,-0.0650740270165364,-0.0763519633284783,0.00389838022417482,-0.0426243263257314,-0.129811231449759,0.584138858848875,0.403654792560115,0.405916124358044,0.398018767499628,0.334521428253379,0.282351643465089,0.295885097014406,0.344440750799926,0.289673330419877,0.345253815053081,0.363306541165194,0.335910300940334,0.288016865866156,-0.00078146579583709,0.000251302457112949,-1.51199940045295e-05,-7.35877763338069e-05,-2.26099786140466e-05,6.38498102309084e-05,1.85306062894835e-05,6.94292645830079e-05,3.07525112509675e-05,8.87392982768088e-06,0.000109894384103428,9.38943988295322e-05,1.81269795188886e-05,3.23998945040732e-05,-3.96105808965284e-06,4.37235061245322e-06,2.29369442851877e-06,-1.95556803039772e-06,3.1889302247485e-06,8.81221714528761e-06,-7.73574788221214e-06,-4.65954481733612e-06,8.04838815321075e-06,9.72905050594191e-06,6.61357341579294e-06,-4.6881020874331e-06,0.0611815182424874,0.0985957596383673,0.136670939409037,0.107533951758083,0.0661229097331614,0.0469937662766656,0.0654087041820941,0.0753021608441462,0.0497677263641897,0.0232797627692261,0.0185264346183398,0.0150589275473127,0.0182674276263967,0.0139354451558901,0.0199960695227597,0.0226798623530916,0.0177136604108172,0.0119549145049934,0.0131304745133636,0.0151216798972306,0.0123639111789446,0.010794641939938,0.00947381156449086,0.00655597408136072,0.00681302404931729,0.00806189595697926,0.00493432859092442,0.00509851401953879,0.00521185720787259,0.00379318009716671,0.00356035313852605,0.00348497983464217,0.00320352465977887,0.00297196296464369,0.00286516537731516,0.00276562005077449,0.00276070978261894,0.00269769513868653,0.00267704739250386,0.00266970760632329,0.0515719042766244,0.0849942503473695,0.110253836381077,0.0915981716544133,0.0659025088627748,0.0422581587642728,0.111950604830035,0.126366878342223,0.0960165884892282,0.0416780833062514,0.0331574595864303,0.0121573324645514,0.0157491227623708,0.018245841557826,0.0206640329835063,0.0184403675746727,0.0143448884279103,0.00998598586331365,0.0108692892667524,0.0128070716251888,0.011393214308602,0.00949439998129493,0.00862452046272249,0.00645391669308454,0.00732635101602611,0.00873604109454557,0.00499747427935485,0.00464656113549052,0.00478230826475875,0.0029824860718878,0.00257516969197234,0.00256062025871641,0.00221844885521312,0.00203960038584769,0.00189389618242268,0.00176302774910804,0.00175276466583696,0.00167170261851287,0.00163845101753798,0.00163222283232222
track18,wtc2p01,01_deployed_t0.wav,144.397875,0.58468998960859,0.241899179416088,303.735907109027,1255.73408653542,1274.2799717261,381.531321653925,0.209354310514181,0.065756361652703,2163.25007762264,459.007262780836,6.47492029437987,0.85272904712219,56.096696887241,14.3804588915323,3479.44254330606,2066.86220269483,1914.23455453517,1047.59760986534,0.610592491946965,0.0406381600960638,0.0489764426456957,0.0238610040829966,19933.2539187355,31462.5373525959,0.864583405063431,0.407068226500515,0.647033831728095,0.119564245990424,-0.0270012087558728,0.125885694528665,108.418812884376,23.0001916860515,0.0879999999999991,0.0780172509757558,2.39782898131993,2.02692955548397,0.888473141589252,0.459203434524267,4.48985725794226,-0.925108076937967,0.663509930639634,0.0355014640993857,0.0466655307844178,-0.163035340293383,-0.112643257595547,-0.11679749324185,-0.0481185579475625,-0.143684521478523,-0.139160877303415,-0.102646173690776,-0.0478092759976937,0.66649679684129,0.419799151431237,0.367350092604503,0.313870705294823,0.288115164350693,0.319398316427233,0.281463294954288,0.380073701945643,0.424864702645202,0.338073597803396,0.351944102004145,0.392052352817199,0.361853607161451,-0.000590940237955269,0.000350372197098529,-7.91068049472805e-05,0.000102453769167461,6.33980431800097e-05,0.00010626221718272,1.55243645475507e-05,-2.63430705665636e-05,-2.95551889774302e-05,7.18582316612802e-05,5.69662495115402e-05,3.75848855802267e-05,3.04636665036759e-05,1.27730055188761e-06,2.19161708438436e-06,-4.86816821504927e-06,2.30739481354914e-07,-1.13413447180979e-05,9.88982375088149e-08,1.55436103852557e-06,-3.87027434360238e-06,-1.89878294536472e-06,-6.01995490292286e-06,2.92412342198583e-06,-5.07979502990042e-06,-1.08845324673794e-05,0.0369688833475161,0.0558090842602889,0.0964028321705746,0.0805712885630227,0.0663336916088562,0.07976261866509,0.0704506416126888,0.0388764776473753,0.0308768980823308,0.0269957376586556,0.0354738813469382,0.0320730666408396,0.0224487194484254,0.0227529244337176,0.0233876715608189,0.0208895299598652,0.0263133438219444,0.0288628712137126,0.0197902516135886,0.0201455019747194,0.0231109061493283,0.0206975183101418,0.0157104754892719,0.0144692770230855,0.0126408588461857,0.0121473490477104,0.0104905418163962,0.00915375208299857,0.00689766170629422,0.00555255753319255,0.00487327779562824,0.00440508680901513,0.00424288051504476,0.00381559920338468,0.00302795168263425,0.00281837685750016,0.00288685203630689,0.00272691479083272,0.00260594735703485,0.00254029931704431,0.0231393340616105,0.0493563768018954,0.0735925921323799,0.0598421937603715,0.0810610270994532,0.0959597331316923,0.0883218944520391,0.0558802134756657,0.0292570058844478,0.0343174204080186,0.0478496790727664,0.037673086610635,0.028763867898298,0.028087379769273,0.0229438950945707,0.0164177618675885,0.0233342085871783,0.0221813157331461,0.0182263114715491,0.0222778814746242,0.021613286559338,0.0171754764887489,0.0143259988168595,0.0142783283950805,0.0145455879402033,0.0147050000297429,0.0100809849018581,0.00866437521970996,0.00712763303373201,0.00459894100979025,0.00460667070553692,0.00406596383541667,0.00435303006213274,0.00362527164360182,0.00208923447281399,0.00179331799254073,0.00200165496816817,0.0017438013101237,0.00157691797240331,0.00153389942963993
track19,wtc1p03,01_deployed_t0.wav,68.1815625,0.553925165077036,0.122679996061697,461.759009347913,887.440483634278,975.940540240485,151.684349908511,0.128264986582214,0.0294323102463671,1935.53962314934,379.328859082738,7.84815739950011,1.06096079546747,78.4874560347541,21.8352329520836,2595.49677870506,1097.84632323875,1381.50993901321,261.226868244213,0.604571323039988,0.0273838743333088,0.0372858035334939,0.0151628615505597,23553.6707633988,28774.8293886066,0.856475851107194,0.38263621930016,0.63350366136396,0.119382474979386,-0.0314228028076723,0.120710565650122,129.443266731726,26.8380636803989,0.094245810055866,0.0773716111002986,1.46699854800395,1.27027021040948,0.932958323829663,0.360628360956631,5.2999275707998,-0.736016427990079,0.843097447587679,-0.0889857889726584,0.144614673172008,-0.139667855627974,0.0130824564047222,0.053048070883564,0.203548319161143,0.013460884482922,0.00343038792639975,-0.0368556447115792,-0.060967761907389,0.374512716280917,0.266067630398525,0.405568962813253,0.319223146051734,0.309437333608735,0.309635605731454,0.301991490741789,0.332175759507752,0.317040619065535,0.334331794134174,0.301668467458688,0.253988205543601,0.269258666422205,-0.000754915451439612,0.00015940011251096,-3.42632406490131e-05,0.00010639684530736,0.000185348721995963,0.000280321816744251,0.000119063188674188,-1.69977225123653e-05,-0.000154668914450638,-7.52899870318063e-05,-3.78271979697809e-05,8.53690423962471e-05,-7.91044697570954e-06,-3.52807439357074e-05,6.00856956593607e-05,-1.59512374502476e-05,8.0878333611537e-06,-1.65877228217877e-05,-2.87539917179755e-05,4.45322772954511e-05,5.6290817097794e-05,4.95904490997775e-05,1.9923294952756e-05,-2.59707509635513e-05,-3.92527555954324e-05,-3.44362941142063e-05,0.0942818899327902,0.105289895991558,0.0851003123490975,0.0731982909841718,0.0598428758563221,0.0609284946710499,0.0581594414989145,0.0474475674516264,0.0418028269181051,0.0630886728419805,0.0522809274497584,0.0230869974338288,0.0239040322899469,0.0171514681044204,0.0152763563689444,0.0172802517135586,0.0190456926457947,0.0151681136342629,0.0147342873328566,0.0141829816291005,0.0114188630540031,0.00957702048544398,0.0101760623447601,0.00792332673570896,0.00681627044513086,0.00628354841890493,0.00601756415644484,0.0051504854738634,0.00451347821728758,0.0039008173219183,0.00346084585338264,0.00302929507074789,0.00284006865120891,0.00265621663615962,0.00263201045121475,0.00255111078774875,0.00248130254213008,0.00244630281220248,0.0024414013046351,0.00243263213901592,0.0706410867210516,0.0675161882918338,0.0566113798731561,0.0514587730217988,0.0418188241130013,0.0392951964542668,0.0420954908242897,0.0387443417924627,0.0363687177986521,0.0762113747193745,0.073783294005987,0.0289633312506801,0.0308472740315512,0.0106992051079962,0.0106969746731994,0.0129679260373436,0.0112520731966815,0.00955766899954506,0.0104375701269679,0.00928964286054621,0.00730052941683907,0.00578603826508075,0.00583948296431308,0.00503145024032984,0.00452665782128704,0.00396845462384834,0.00363377385364633,0.00324667827947521,0.00227257584717585,0.00197752444472825,0.00170970497822866,0.0013309738272535,0.00113990810200555,0.00106719322494542,0.00106177592635563,0.0010146095876887,0.000971169858279603,0.000946025280660104,0.000953147881548864,0.000946482206845585
track2,wtc1p15,01_deployed_t0.wav,48.7654375,0.556695741405849,0.251281672351986,137.816062714424,1309.78816901381,1403.27831305495,321.815609317353,0.243233628486739,0.0672893788615813,2260.0535106745,565.031418586916,5.97217685550162,0.90979276075335,50.1090914995022,14.5476759248562,4155.31225158982,2134.01314485118,2121.16206279809,793.594757153567,0.62700949478279,0.0474565824033355,0.0544186338216774,0.0272546699064139,11942.7128408201,19865.2688838053,0.820730288624509,0.484749438317864,0.631267867668076,0.113006853391183,-0.0384928383298447,0.122962568388215,130.667587735916,41.218466253997,0.0781208053691278,0.0536173772698085,2.13723399986813,1.96381025681926,0.855857702101979,0.517938253165975,3.86917746819151,-0.824509862925732,0.631964485002184,-0.0862250507016392,0.0653045166526061,-0.237569736010653,-0.0706906781152162,-0.112963177891707,-0.0341808694406916,-0.088403600701739,-0.129913068714089,-0.0970113618184005,0.00616739221976976,0.853641673923572,0.462344312892146,0.391201677963541,0.361589955294611,0.343186042580278,0.370997525556273,0.308029265682087,0.403842599514737,0.469234556162864,0.364655172876021,0.361139292080134,0.38716065311467,0.362219120770311,-0.00138626940214981,0.000813511455258565,-0.000278590337859825,8.16181426158076e-05,-2.07533655044974e-05,0.000130525175583371,0.000203103403008584,0.000268366389826924,-4.24758891749354e-05,0.000230399226864984,0.000316489927993452,0.000273371480437758,0.000182825040137624,0.000128121053494877,-5.49429330381799e-05,-4.7412363427634e-05,7.69259848638148e-06,1.26906200869185e-05,6.34189786769908e-05,1.38192489216295e-05,4.07946694437367e-05,0.000136838248288783,-9.84923884196214e-06,4.10200973617912e-05,-7.57725242193473e-05,-0.000143607273286227,0.0289469984534474,0.0466779246490072,0.0714800574663888,0.0645977513249934,0.0631154217731745,0.0783964572872528,0.074864728136723,0.0409779086752532,0.038491089257776,0.0405648107483973,0.0388732373523056,0.0352726539240017,0.0229023278804011,0.0254361367086861,0.0232201667426556,0.0211748920633925,0.0251226076229526,0.030631174845346,0.023793348298095,0.0197566513639201,0.0223810414500801,0.0212130567749776,0.016431835248397,0.0174711674387647,0.0146987801197221,0.0127106548957648,0.0121035880974474,0.0107794796740987,0.00813433906672759,0.00669865955803405,0.00635460609894993,0.00614652873262844,0.005942089595874,0.00529129901418476,0.00360702421050592,0.00328141065818059,0.00357272767077056,0.00333550068204035,0.0028257678012773,0.00272409863740413,0.0235302463267404,0.0417399004653545,0.0671844485880086,0.0672680144471139,0.0743038157624172,0.0913168436640337,0.0922257208549284,0.0636554502519831,0.0543202008796425,0.0557457039290266,0.0620582638579454,0.0567604106573072,0.0441792964264512,0.0479722345192609,0.0245656613105442,0.018530663812136,0.0259018867407164,0.0266817260625488,0.0253430668448005,0.023614750392489,0.0214715655482798,0.0180684305762853,0.0150964103116502,0.0161440737972225,0.0168466513911895,0.0159537670943057,0.0112163421207436,0.0104066154762474,0.00878725122493995,0.00560453070155534,0.00640422888214666,0.00606272352168847,0.00631580120373815,0.00554034001599703,0.00313753759963631,0.00252440279241526,0.00318206913065141,0.00284004598670704,0.00213540974026306,0.00214887590569088
track20,wtc2p24,01_deployed_t0.wav,130.401520833333,0.543624161073825,0.10723986271948,514.276701417101,842.748080238012,956.716200631032,290.322173669005,0.105658719961275,0.0356762039513413,2146.19500434835,557.09654404673,7.42244958066359,1.2132101733323,67.713164100869,21.0305543615177,2557.15034755513,2021.85100040308,1281.80429050815,818.302641491029,0.576709489851689,0.0335597597799277,0.0442303021115814,0.0281330662069669,23434.1656590488,26868.4731472933,0.883283083890588,0.387101853264249,0.640988132893942,0.122336181634237,-0.0543169788174849,0.123693089705405,117.337631892261,32.0713678471831,0.103869209809264,0.0748387286517116,1.88441379372677,1.44078365702428,0.924875317629147,0.380550168938749,5.54979449049063,-0.427102376032388,0.738450823900201,0.318978904117035,0.191437716738568,-0.0181317705398444,-0.0264666875404251,-0.087392591464032,0.0209876388932031,-0.0916990829438848,-0.0771269261463753,-0.110548526402375,-0.205242988775912,0.497034015060604,0.422585954510938,0.303193680358435,0.289565945817339,0.261038510787523,0.296269911455227,0.319692164732177,0.292059310343761,0.334867659003202,0.340337887525893,0.315985839142158,0.319763869972982,0.301520844518512,-0.000536371861080922,1.58474274462073e-05,-3.49173123883972e-05,-9.76948493599784e-05,-2.53326807021277e-05,-4.26952744697426e-05,-5.2947867586514e-06,5.00381977301107e-05,1.36326817695521e-05,-4.93244740598509e-05,-1.03244921125917e-05,8.98819738565321e-05,8.30246723177206e-05,-3.53371101206463e-06,-1.40102735588628e-05,2.80162432690781e-06,-5.91883232748401e-06,-8.82915598081187e-06,-2.76996434442851e-06,4.25033322234801e-06,9.71875177595596e-06,-7.61141916239676e-07,-1.30311710881699e-05,-7.18802881318806e-06,8.44401600417105e-06,4.88052588775834e-06,0.083644450772348,0.125559909667244,0.1181352508737,0.109119661205996,0.0994565556087469,0.07187140418071,0.0483772728916087,0.0307179154785931,0.0271977617650266,0.0349028525045407,0.0244798995380961,0.0174687865727887,0.0127649091535574,0.013619361238167,0.0194850070162403,0.0174426910754624,0.0153945354554392,0.0166174401814338,0.0110352974920179,0.0113433662557105,0.010778263710913,0.00894116597365356,0.00893940446240764,0.00689267785630127,0.00631553690925926,0.00551551655942691,0.00484684139476334,0.00447499246456106,0.00357191867685949,0.00340652583559615,0.00298130416817325,0.00290360408482686,0.00283976805456357,0.00276072938830141,0.00273100136188799,0.00271000837353585,0.0027014603341753,0.00268927757226236,0.00268336742203187,0.00268230646907152,0.0641215621681609,0.0913615777172896,0.0800825984227296,0.0763909958180128,0.101049171027249,0.0761001650972232,0.0544939472343311,0.0431047755605763,0.028924810436193,0.0305680781231982,0.0201857969072983,0.0135428978449523,0.00981054334062736,0.0103376791954702,0.016136685315506,0.0144486270961415,0.0121472877124836,0.013463762965826,0.00815405811996963,0.00911895240996476,0.00716038876213043,0.00582466982354662,0.0066905761804838,0.00512318318740857,0.00473569091347624,0.00438380017236118,0.00332002788047512,0.00271344107003185,0.00181830704220293,0.00169527256527351,0.00132967973518635,0.00130580740235513,0.0012136951564139,0.00115272795413084,0.00112921356242531,0.00111548971201384,0.00111399697060381,0.00110504669896588,0.00110114066259502,0.00110081553341163
track21,wtc1f05,01_deployed_t0.wav,136.402333333333,0.5974335472044,0.169801432700266,404.670456123329,1043.17366770034,1075.7395831577,189.77631740081,0.140450357414241,0.046429633511252,2172.52381413783,526.226853781804,7.20758596069656,1.20072163424767,66.7659316100024,23.6780133472698,2836.87949391593,1133.92546138832,1441.44513965708,317.979379208018,0.585646642278307,0.0435095407710587,0.0413328089716367,0.0163759580612682,29496.0491725874,55798.8447619489,0.689186460280609,0.40222471225897,0.667116458839105,0.12115281542647,-0.00971730762153953,0.133589055466948,118.871133629973,40.5493650654542,0.0941262135922324,0.0793323579431021,2.60685365950057,2.37183269411391,0.827858830694277,0.561155638533294,5.10763003384181,-0.625152643174415,0.700203197465259,-0.0317181096233,0.13200830821048,-0.167787389952398,-0.085858590891174,-0.137045715857137,-0.106913119143379,-0.228685015634756,-0.0974550053872654,-0.0732616656280174,-0.116013292325615,0.721310575783125,0.40681859945202,0.384663636618544,0.382956936724029,0.349546573034832,0.363748015907465,0.345222341968317,0.39199593232161,0.392659265970072,0.399788221443068,0.348615168209343,0.314015512305721,0.320252073646184,-0.000615944979721611,0.000154280075453697,-5.32523794017383e-05,-4.73776283603098e-05,1.39993614167756e-05,2.05705616866309e-05,-3.31227165302318e-05,3.58651647197125e-05,8.16136599969728e-05,3.37358884002315e-05,3.92370804294402e-05,4.80818107686273e-05,-2.31341410807973e-05,1.18868776183143e-05,2.5447620994868e-05,-7.42766260341149e-06,3.80858869529429e-05,-1.70550877909641e-05,-2.00538726859425e-05,2.37669593482661e-06,1.50604077761975e-05,-2.21857957991858e-06,7.81675416688569e-06,-2.99032129121267e-06,-1.08278755681599e-05,1.27353419155363e-05,0.0466804685493734,0.0835270890087222,0.113117732531394,0.10600470376603,0.0797265996628075,0.0677498657690445,0.0664674778145692,0.0400482380002185,0.0406969747422374,0.0408445176161286,0.0219837093381878,0.0260440134895027,0.0205794663650395,0.0188598545756168,0.0270894720441712,0.0209131931146762,0.0144553335245982,0.0174062657808483,0.0129277247330648,0.0142586053570783,0.0155032492904297,0.0135755745302118,0.0116837622682896,0.00925280823324075,0.00885020218418001,0.00873916082106243,0.00599886798860179,0.00595617989416137,0.00545513758524766,0.00534470692328792,0.00408267094571671,0.00360700624825465,0.00334063710628782,0.00325804302839296,0.00287233321916694,0.00282956791925047,0.00269747929067927,0.00256214057302929,0.00250894937270761,0.00250021679449218,0.0466506707091972,0.0843293219315892,0.11018027325417,0.102153227844587,0.0751441671706635,0.0722954474713825,0.0930552294380383,0.0684482117201021,0.0602390191666926,0.0596297964164804,0.0259335063891774,0.0302691821236823,0.0256911762861369,0.0242157565470868,0.0312454275708806,0.0227234285172614,0.0151768247295822,0.0165019386436636,0.0116996191528257,0.0150635546760367,0.0164795623869834,0.0139401671134004,0.0134313618858369,0.00919053073950332,0.0113559615494963,0.0123510192773469,0.00573743599953523,0.00558970928883286,0.00546377227788796,0.00528051936091298,0.00381753312479643,0.00324238088495571,0.00289660185543808,0.00284608532528005,0.00224777813030368,0.00225825652992719,0.00203376771307721,0.00182588656859333,0.0017448783178909,0.00173292259549712
track22,wtc2f07,01_deployed_t0.wav,89.9877708333333,0.563368538076709,0.12709248841586,564.293426211306,909.259629248626,1012.37010605009,358.003061534699,0.121256012091321,0.0406242170688783,2070.51047929927,502.142531910546,7.60740915599463,1.28046015315515,73.1132454192857,25.3661182089527,2706.1024836624,1975.44312704195,1418.78671614294,1163.19749053437,0.590145613582398,0.0344937685151146,0.0400403488426863,0.0177838963453138,27788.2128823519,36185.1725252033,0.71646405775468,0.378028799261965,0.674122475437801,0.115785265813176,-0.0247981441784682,0.138547928252858,129.13666805186,45.2473862609445,0.100239234449761,0.0973960994292208,2.34201213386268,1.83995281002347,0.887622808979865,0.461025869276439,5.45944144664953,-0.6044332378565,0.761610107306165,0.15659257396352,0.216664286855598,-0.0924839538952235,-0.0549473862846123,-0.251157471660122,-0.0489340727957606,-0.00980672319764405,0.0249528146346637,-0.150238759029721,-0.123964762042231,0.539532243679724,0.354935880791575,0.319862726309511,0.319304062740018,0.222989159586191,0.28349805443335,0.240668816586137,0.292469281866032,0.263849032401913,0.255550163402834,0.273144056460423,0.308549139743741,0.323544734275367,-0.00101423112672218,0.000204516769964293,-4.07215136302159e-05,-2.93079863338374e-05,7.45740106536445e-05,6.53225734886565e-05,7.4521744482687e-05,0.000163270605243731,0.000207582643057914,1.44734643528543e-05,2.89940612496012e-05,-1.98795021922071e-05,-7.68486147883638e-05,-4.00371032266107e-05,-1.01520147660719e-05,1.68220083982361e-05,2.23867605684874e-05,1.47736876155918e-05,-1.18833301895489e-05,1.22751447829515e-05,-3.15347269205569e-06,-1.44859830180608e-05,-1.75835418235883e-05,1.72517788230997e-07,1.49874460148006e-05,4.46529109251809e-06,0.0790889952239923,0.0891878821125815,0.127457853609587,0.116099700171978,0.0735336646705157,0.0609639977682758,0.0594192014996026,0.0518821345128977,0.0347609037396709,0.0296907872533541,0.0232202321955471,0.0157962769707789,0.0201950911134962,0.014996862151837,0.0230916703743668,0.026560790512004,0.0221354088942016,0.0143631995889793,0.0106253022248194,0.0115858102222128,0.0110855572242961,0.0101652909309811,0.00963883280134117,0.00625170203496968,0.0072469068573798,0.00791830639826567,0.00439678712716413,0.00399040119890604,0.00387247617105358,0.00328591608426261,0.00313857042138091,0.00330040563749065,0.00309649620667723,0.0026731392980007,0.00265821092616381,0.00258570464093324,0.00256430636057076,0.00251090037541558,0.00248994691548766,0.00247437757856065,0.0628181673873753,0.0605537358994423,0.104701523356488,0.0832660208222386,0.0542446457240857,0.0448575097235472,0.0609610035911389,0.0557820159786639,0.0348885365505404,0.036290255308512,0.0315659948933586,0.0127219356416099,0.0157378922870016,0.0142342015377992,0.0187258029041197,0.0196073375161325,0.0165882255182397,0.0117211073683048,0.00792301369281445,0.00869918632241753,0.00810861585818205,0.00738487139621748,0.00680495407906059,0.00419277981612586,0.00584394135041811,0.00622737227940963,0.00312065687982393,0.00267223551835848,0.00241799652458672,0.00189185009767137,0.00182997995066807,0.00224203036194625,0.00213277593019219,0.00148735974712487,0.00148201353461925,0.00141846920996003,0.00137716645902972,0.00131615930929003,0.00129938873469667,0.0012845660432345
track23,wtc1p03,01_deployed_t0.wav,72.9797916666667,0.547292666209733,0.0987102797719146,362.7451839569,862.159367787307,1044.45352636627,467.999940168404,0.107670311691004,0.043988482984944,2109.81344024338,458.774227053911,7.45125073998381,1.1622848714757,68.0793509437417,21.4549184308014,2629.52486259018,2309.88546221889,1376.79008502233,1470.63868556932,0.583560603470837,0.0372601208016076,0.0414997009473658,0.0182374963396424,19978.7774753359,24546.8572646758,0.885725873243723,0.411819848565199,0.63826802097451,0.124733058339211,-0.0234966179229761,0.12837037135309,128.465824056335,27.465717619708,0.0829571984435798,0.0478422100986215,1.86632665830571,1.2604038103788,0.918447017505214,0.396049807615809,5.58108926236561,-0.47354243591653,0.455370634026177,0.0110925578889833,0.00714680745927446,-0.211299312630971,0.0169609361265181,-0.0227227539084163,0.0868133653140113,0.0220397354414096,-0.0422045390845443,-0.119529382626108,-0.0203729747949125,0.61923032456107,0.494338596402223,0.368331640681881,0.358369115247905,0.282500276015777,0.331294160930402,0.336952948303168,0.33612084874501,0.355119147186376,0.406536632638969,0.323651062516963,0.299987032021471,0.268211213681834,-0.00145082050710468,0.000225171917426235,0.000237834107098404,0.000130425383436032,0.000139689310183667,0.000157770844644556,0.000119715855522151,5.86368229860525e-06,-0.000113597265192887,-0.000170295753402098,2.93305501158114e-05,0.000200577469229108,1.49045752223276e-05,5.82617856357883e-05,2.93325952970049e-05,-5.92725129361261e-05,8.63063632330892e-06,-2.47181611847529e-05,-1.69404523032609e-06,1.21964677363011e-05,3.18889352699479e-05,6.18381398495941e-05,4.61081766159371e-05,-1.83533784685176e-05,-5.69676054416145e-05,-2.93444472256278e-05,0.06200081843374,0.0904971938070421,0.0993000652070542,0.08514815342993,0.0565903231013627,0.0708347941261247,0.0757300185265933,0.0552825844929715,0.0487730615466859,0.0692686484030753,0.0526645560236719,0.022129846429007,0.0241126185032863,0.0173544473819227,0.0150302618448119,0.0166125010712295,0.018526070727192,0.0135826542601245,0.0109363667313791,0.0121680224869545,0.0112257466195008,0.0077126041402329,0.00775148511623323,0.00579072027472226,0.00556154077936246,0.00504357162010336,0.00393986409501642,0.00336576421295815,0.00334582115731309,0.00303552132621545,0.00291970579673628,0.00291187967426034,0.00285415996080403,0.0026408518240384,0.0026485498749524,0.00259815119727323,0.0025523318525983,0.0025286417224536,0.00251929892132094,0.0025107832997454,0.0531002020050829,0.0625719333126651,0.0829864238761279,0.0715083748029602,0.0438577523795624,0.0645139300538551,0.066379894935592,0.052415310899101,0.0571465252252555,0.0850826727382205,0.0750188607292938,0.0289584089934762,0.0276046462180544,0.0139431531521462,0.0152896491239612,0.0145335484928171,0.0131781696796109,0.0102081285493642,0.00853997799998163,0.00882855710164368,0.0084184732486612,0.00586342527128809,0.00565259180283802,0.00359440014522693,0.00416274487597254,0.00415760750683829,0.00252579165334799,0.00171265212608312,0.00169167708044034,0.00153335841306305,0.00145959371773335,0.00149300180687766,0.00145231999967232,0.001212003747323,0.00124526932706754,0.00117997568821462,0.00112708007459843,0.00109586806701704,0.00108974182384274,0.0010827512760889
track24,wtc1p17,01_deployed_t0.wav,74.9687708333333,0.57691024357691,0.153547895470363,348.095837686728,955.447199921652,1022.95740436051,201.03211052852,0.137178892677263,0.0396330777088417,2092.11935519107,500.56829129925,7.31068804848357,1.17979566913148,68.5418738474902,21.7169896403155,2928.8038038038,1683.27610272853,1417.33139389389,304.056207584646,0.60130872057892,0.0309244550244952,0.0425105658622003,0.0196516587185941,23570.4669012514,33356.5656994193,0.77657015556733,0.382477571521051,0.636521996929322,0.117164318330864,0.00882302297970754,0.119474517904741,113.100983541648,25.2301799143948,0.117482993197279,0.109986571642471,1.25050627032101,1.36350263984453,0.893241188017094,0.449853984536007,5.09611108472754,-0.552522545809615,0.844573736448603,0.0333949463837707,0.197100727086873,-0.117869389624982,-0.128978262464455,-0.133680848371083,0.0847420860256867,-0.0542279593289103,-0.0623688642846385,-0.0559789133102862,-0.0999485030041214,0.528578634053849,0.365153786339322,0.313279396353206,0.313644658892842,0.277329115711462,0.285403712485139,0.293573047076803,0.317221495280448,0.328385673823487,0.313903853779751,0.338155554312626,0.309616983024351,0.325268949531033,-0.00036802690034813,0.00023332677254781,-0.000255101559981948,-4.40972376754859e-05,-9.74551441996459e-05,2.95478461336305e-05,9.82095119222194e-05,0.000153082824344907,-4.09165049600799e-05,6.23581781791249e-05,0.000197581088823649,5.46633427434587e-05,-6.82927315847142e-05,5.95506342352583e-06,-2.05845074389978e-06,2.05985268889412e-06,2.31214908724181e-05,2.50639967421874e-05,-8.3521033048876e-06,-7.39896297181716e-06,-1.01409558559725e-05,-2.38193301689183e-05,5.9446699163681e-06,-8.79110551381163e-06,-2.63136454284602e-05,-3.92798727904385e-05,0.0837485631651118,0.102462783051402,0.0957826272129492,0.0889829990732067,0.0757103032321506,0.0732662945564281,0.0605873518359251,0.0420588739026901,0.0299950444023226,0.0432234854330606,0.0364556930783783,0.0167681706018468,0.0183122258432232,0.014111868018407,0.0186675293165836,0.025183033034892,0.023306300306891,0.0134129611770249,0.0140446737435151,0.0172175740866296,0.0119615856001309,0.00940487219646675,0.00955941997689162,0.00731832369544919,0.00808557748267103,0.00885691192337283,0.00746163970246948,0.00592558717297738,0.00495652532912563,0.00422898659522069,0.00386731252493573,0.00338367353767612,0.00315362821036291,0.00284470418230784,0.00278292461709607,0.00270018829264234,0.00260154162279603,0.00255502110050674,0.00253771281036153,0.00251550835390123,0.0727609079344684,0.0851244687008468,0.0867281394785019,0.0591381596139031,0.0552353991582149,0.0588647022565335,0.057338634307257,0.04105671197858,0.0324806737176797,0.0619436049371223,0.0572860153523824,0.0189138701848563,0.019652307356282,0.0109588957986421,0.0204532085430896,0.0234093077289616,0.0181604725600784,0.0112502273017554,0.0121248275660472,0.0150617883717441,0.0118723901872727,0.00779480782817312,0.00744190800488181,0.00690575640081982,0.00826989517261387,0.00806159160593896,0.00602749633951841,0.00479042510277075,0.00351954197160994,0.00323368352972663,0.0028516852909102,0.00225870376834054,0.0019835300445464,0.00163293613559469,0.00157377429693774,0.00149257988840898,0.00143926598432825,0.00135459798075479,0.00132123752144251,0.00128578352309608
track3,wtc2f06,01_deployed_t0.wav,120.055354166667,0.565090606123724,0.133373697745795,515.822375848789,910.200368991156,1061.96463892872,288.378559859159,0.134796724772095,0.0400281741318315,2158.27341068693,619.203223163822,7.47033618717299,1.44560179666385,71.0719403031689,27.8212451445557,2901.96205310338,2315.66065272879,1423.85884095198,536.794643630925,0.568422239354486,0.0448916188288387,0.0422340306440506,0.0209805992109718,22117.3811141473,38759.029218297,0.788269530085153,0.429459135630437,0.610378668371582,0.122135589836525,-0.0444441050610847,0.110418333520938,121.728712722755,36.3469020548961,0.0921031746031753,0.0587650232537116,2.39515159346205,1.9646349721211,0.870161955501223,0.493061370869931,5.18019577285047,-0.746922338991035,0.702897340537541,0.116348142139763,0.0911785088382168,-0.207515004020638,-0.130027404636222,-0.182118969127116,-0.149542194112107,-0.206160593651201,-0.0872897557442847,-0.107693974105857,-0.149577823668264,0.687534565270606,0.386563087907907,0.366689945860049,0.39224761623974,0.342740641131999,0.333636887774112,0.338519447453981,0.393712693431466,0.381754783228787,0.41792967154262,0.40353473750299,0.427390456683515,0.373230310200998,-0.000664750480253574,-3.28372809519297e-05,-8.85601280877732e-05,-0.000121095348820491,4.59681394070508e-05,7.29782865789852e-05,-4.99491081105288e-05,1.36758776866335e-05,0.000128584572413763,-7.53577022076744e-06,-6.01670212658803e-05,-2.16962001610686e-06,1.23005701716277e-05,9.4104260022569e-06,-2.07411757359414e-05,6.255036379406e-07,1.11959946395712e-05,4.36124561142938e-06,5.56729740514432e-06,1.70879381724138e-05,7.08642735868915e-06,-2.71544957075527e-05,5.96226313194516e-07,2.98060042648553e-05,-3.6128519832223e-06,-1.98042233605707e-05,0.0463952980528811,0.0887195071292339,0.13044697237593,0.112581894085998,0.0808176345061985,0.0592351181628379,0.0597070630038297,0.0572084329637314,0.048898633941756,0.0248145623405541,0.0220944300273962,0.0222154351970099,0.0178025356049702,0.0131518721107251,0.0228990686613808,0.0218473215445779,0.018162097110229,0.0184727634444626,0.0111270633192595,0.01263709954719,0.015744502006554,0.0136797533859634,0.00962581119587953,0.00829326289201831,0.00741627223419206,0.0074808453879701,0.00514079343539646,0.00528895019166228,0.00473470320942592,0.00395224812128152,0.00356064883137422,0.00332845112294119,0.0030212697497334,0.00298848357323305,0.00288738932521526,0.00281155911298698,0.00275515266196736,0.00269292173882466,0.00268306523100329,0.00267911346222531,0.0426189306640248,0.0835662887148757,0.122308180211643,0.0964383999505963,0.0757675326824585,0.0544705854982568,0.0824463756277723,0.109998231504941,0.102107190348877,0.041379702962254,0.0331830433133914,0.0201960200341039,0.0147837948903814,0.0122462871662945,0.0225530820874796,0.020852879175467,0.01469376949667,0.0151124755350787,0.00802074259809413,0.0102153830083599,0.012964552730193,0.0109571073955158,0.00750118034800364,0.00697190992403872,0.00749909701803512,0.00842050402817352,0.00401132918685132,0.00415287975000193,0.00391080237636769,0.00277898344746845,0.002531266370424,0.00222376062177598,0.00183865092135981,0.00183843382491647,0.00171785919885015,0.00167578411559477,0.00161305586148024,0.00153839882661199,0.00152801177217175,0.00152313907713599
track4,wtc2f06,01_deployed_t0.wav,115.588895833333,0.548247511899611,0.13921928674826,577.725350736037,888.42808617413,989.449531439735,253.550602538376,0.120364546248378,0.0385849548679571,2128.48553494384,650.109458380229,7.57159884950597,1.43459060234438,73.3094777378948,28.4458244942743,2797.33306739507,2109.807169533,1314.67286212679,552.778597875907,0.581306174011714,0.0378745133075971,0.0413820781468324,0.0225630290703539,29185.8508478544,40006.3924096614,0.748963687678308,0.384831451119337,0.61245150913314,0.129822574109412,-0.0409980943449197,0.118974688195645,123.883915101728,32.3348188755253,0.0856293706293712,0.0559836039056898,2.30240982499991,1.81298665341702,0.877429340471768,0.480098997533511,5.31464673336595,-0.579612794148345,0.84087508581584,0.0786843746891744,0.155920334988579,-0.160872089665798,-0.117712968495553,-0.193006803310599,-0.199641543512867,-0.205620567386575,-0.0784100850181802,-0.103072443682398,-0.101849842103927,0.639263950949534,0.431391306790577,0.359323391243857,0.323341638668146,0.278028320848644,0.332443117068794,0.320256768904381,0.340706362073468,0.343725866336869,0.338074650010201,0.39107213414153,0.411228700812651,0.340672907948477,-0.0006164351074597,0.000212239338857126,1.1062529117611e-05,-0.000105453502546662,-9.28301952986628e-06,6.12720669783307e-05,8.96670283020818e-05,6.30807023811862e-05,6.38034289748773e-05,1.49082883035255e-05,-2.2223804845895e-05,-4.40195860934267e-05,-2.20037245599045e-05,5.56771103294206e-06,5.67132853505664e-06,8.99696341863271e-06,1.35535618351695e-05,1.70277559320686e-05,-3.5358428397227e-06,-8.14423171116907e-06,-3.89477763490859e-06,-4.47855357053202e-06,-2.5050411398852e-06,-4.11208712565102e-06,-4.86693596143993e-06,-4.71382193989509e-06,0.0609993257573962,0.0932485678454438,0.119233784128521,0.128140958187472,0.107892835787072,0.0788874341930153,0.0517637376036674,0.0314522684125723,0.0309416525624248,0.0262526697152125,0.0227809461880665,0.0188393683696597,0.0172937317458821,0.016144657387001,0.023201169906961,0.0186125862513713,0.0131051488076683,0.0140318035277939,0.0127515152100589,0.0113651305000199,0.0135512285173256,0.011616572080294,0.00829540969303114,0.008110353506525,0.00710473667269428,0.00621714331188219,0.00532139422639325,0.00486347546798721,0.00464532164030681,0.00428417692253209,0.00381694189286862,0.00351826805502256,0.00298743744909762,0.00286850121340183,0.00274149654643278,0.0026791454784042,0.00265476190311373,0.00261177238474396,0.00259159822953745,0.00258097272112621,0.0496371724476666,0.0793725216428871,0.0967744672062941,0.0962854462851981,0.0977082809199054,0.073223429561643,0.0523005086638392,0.0352313145881459,0.0366519287673088,0.0358989043729046,0.0334519887608828,0.0188967378844287,0.0149397811353009,0.0152231174579805,0.021523689950226,0.0186651740799043,0.0122726762336831,0.0119368316127136,0.0106743735849215,0.00918502538541402,0.0120530881930156,0.0102312350050535,0.00672371696877509,0.00636343435932791,0.00595691717149903,0.00535798569356605,0.00406805203829046,0.00351774695602836,0.00369441241749196,0.00334298378349381,0.00284108370911823,0.00258794045147293,0.00193022896358262,0.00171739505218532,0.00156032618283799,0.00150530448275199,0.00148806825113568,0.00144436727697636,0.0014257045061449,0.00141339611874067
track5,wtc2p01,01_deployed_t0.wav,151.491166666667,0.55694948827996,0.283303717699768,198.719283777331,1372.87847073573,1345.246020937,395.952457297845,0.224302162669345,0.0691158681311224,2269.66971067734,650.96902803807,6.18520469949365,1.00832240495901,52.8475967308824,16.2434919117027,3999.17528990591,2556.96335315257,2042.29879395015,1143.09977912021,0.616412178907193,0.0414956305344927,0.0523645019504228,0.0324910231970525,21344.120473727,34466.9435056357,0.817892832815721,0.414243279337711,0.649409928720432,0.119973922686514,-0.0308370415438121,0.122243688014624,104.113011808584,19.376905559131,0.103333333333333,0.180723453217204,2.48899144914996,1.99547678754728,0.865894219601511,0.500500750843841,4.31259396483446,-0.818333269496604,0.66375288082478,0.00453086326316206,0.0830378501488197,-0.194015360902343,-0.0988002359889215,-0.148282250042018,-0.0807338095539407,-0.131389008143085,-0.155623376234116,-0.136588013793461,-0.0185088213193992,0.667415111660241,0.478247211792721,0.37950621425282,0.343723453684918,0.312247921960369,0.320847642888095,0.289726793641737,0.370937056731111,0.420448794599824,0.345607277409862,0.358392071827993,0.391274082367678,0.346404002226531,-0.000161456320790377,0.000454896064301873,-8.93524545569427e-05,5.40943828766252e-05,-3.16469269500038e-05,-9.70075906645029e-06,-4.40753151719501e-05,-5.910929914865e-05,-3.71926917019198e-05,4.65211020776182e-05,3.51993577546228e-05,4.72737322055946e-05,4.06964615972691e-05,-3.6128055205281e-06,-4.67089463213197e-06,-1.51185027683168e-05,-7.46887198712865e-08,-5.97933603560532e-06,5.16782001316821e-06,7.04605775719087e-06,2.56267226888532e-06,2.95295306836021e-06,-7.06844215100508e-06,-5.24182262297052e-07,-8.15018314303434e-06,3.17271308650199e-07,0.0361922050080722,0.0552490539720439,0.0938171708196486,0.079737659524598,0.0616803350746032,0.0761568836126551,0.068469659336155,0.0365268818560524,0.0293939691845538,0.0273726465232947,0.0349192839725679,0.0316759723067573,0.0219929040255673,0.0228387523538357,0.0241761505472709,0.0217121046276122,0.0270839202019845,0.0295734014911361,0.0197553599985288,0.0199591332913698,0.0242839965988427,0.0220188435024562,0.0164214908816414,0.0154865577329527,0.0150939052158202,0.0139807096545615,0.0109850392085985,0.00989952868706503,0.0077645788117911,0.00633977477693118,0.00616792217084201,0.00589128644762732,0.00508187422365952,0.00444975042113656,0.00336313954322056,0.00307055150795383,0.00318016426409408,0.00295180864139147,0.0026989046916345,0.0025867252894725,0.0279261821497343,0.051836729010427,0.0783102471629597,0.0679957912089426,0.0735979758318714,0.0910136934450057,0.0875628647963313,0.0541310980105157,0.0297404288345806,0.0338398332044054,0.0486250700390192,0.0393903254831572,0.0266173809655265,0.0283600088380515,0.0252015200366433,0.0188040036884537,0.027865178888948,0.0268004531249708,0.019354391765373,0.0232340136027146,0.0244556927798015,0.0199702982463162,0.0158538102945126,0.0154548719648363,0.0170485678132077,0.0168798616627566,0.0108386000130895,0.00927020660423021,0.00775726278816624,0.00565078175234895,0.00578111532637562,0.00582784772856241,0.00562660500194697,0.00468558702631042,0.00285486670853097,0.00238237254294198,0.0026227744356647,0.00227549423305947,0.00191676435439983,0.00179797329608245
track6,wtc1p04,01_deployed_t0.wav,152.922729166667,0.556500408830744,0.116038633746626,305.188064356151,879.321048703528,1048.17212580328,295.92627324109,0.11403385360706,0.037391217823645,2229.35607060354,661.557688493162,7.4176760396983,1.47345191400425,68.4098526747131,26.9760195224787,2907.59722506132,2864.41723809547,1274.01114063778,376.759138798024,0.555429570872291,0.0422458285096183,0.04453057766512,0.0232808196513616,17389.563990352,31896.3843980102,0.859298965187163,0.471360715951044,0.625608260668809,0.118616498594729,-0.0511488126660766,0.116638552257106,111.62025477803,33.7901987545374,0.0916181229773467,0.0730057580568292,2.7586934048962,2.33388382280427,0.873671516520163,0.486832808941489,5.40462089506466,-0.472267354589539,0.549757038366732,0.0342504022535999,0.0404656418152645,-0.229438224514389,-0.231039074041758,-0.118151467090065,-0.131118456766638,-0.266469656040757,-0.0166858789302841,-0.00909648384036532,-0.196548988844085,0.566432190865189,0.494684876440227,0.361613239619011,0.362160106117717,0.337183463451626,0.373802628802601,0.3257278407588,0.373178083259953,0.395856063228018,0.464265382904279,0.4351045245148,0.432420917857708,0.376472195216908,-0.00020138945438912,0.000110748590509934,-1.34692776886899e-05,1.23009884049218e-05,6.54375492833294e-05,3.43249204013951e-06,-1.39774069906079e-05,-0.000108359062800547,-1.80922578912076e-05,9.35094274647099e-05,4.76929194295238e-05,0.000115536097738659,9.66595619487132e-05,4.85435763942355e-06,-8.03609477479804e-06,1.81213135679148e-06,6.99331472951363e-07,2.55193622675178e-06,2.58957895758883e-06,5.95239676715045e-06,1.15088955061406e-05,-1.03894808298252e-05,-1.87346030018539e-05,-4.76341726503934e-06,-8.08939653830274e-07,2.49709475313428e-06,0.0475420549465806,0.0736098611337243,0.0872228666445374,0.116487816874727,0.0936289175581712,0.0654312580720505,0.0989171585397226,0.0717610933995637,0.0325794832412652,0.0418804433025865,0.0323813569370669,0.0195882524562011,0.0171110711741249,0.0173017093029909,0.0185506629219898,0.0165097714022547,0.0152390409239426,0.0132450222618154,0.0101715481935829,0.0146122657700539,0.0141790290018677,0.0094644010063295,0.00872148970668367,0.00637450158746656,0.00461165402953458,0.00519384482866341,0.005179420424735,0.00484022696828945,0.0046584250968955,0.00371420765296197,0.0033736753123334,0.00300750017045998,0.00299824256943013,0.00298942204802936,0.00288422465338961,0.00285295088650074,0.00280681286218709,0.00279800498210517,0.00279076084526615,0.00278955030991905,0.0446818993043674,0.0660775563987015,0.0851891964635504,0.108904653987871,0.0917789152895973,0.0736340886157385,0.135983922396984,0.113922588410443,0.053896431498065,0.0740886391986385,0.0643460224579597,0.0220561240501237,0.0196170338969752,0.021169765089144,0.0223308044200478,0.0170995567943212,0.0129587917233668,0.011310396668066,0.00943184725778938,0.013246176976908,0.0127894111553804,0.00878094289136999,0.00820543366414743,0.00517001348113841,0.00375736544872606,0.00535013054527072,0.00465485664519906,0.0037665749002781,0.00391272598416357,0.00254977113886028,0.00222485767038879,0.00178163940973426,0.00179184797285812,0.00183175094580476,0.00168139545690932,0.00162801470632407,0.00157447824598938,0.00156593152490709,0.00155619870387006,0.00155390957784174
track7,wtc2p24,01_deployed_t0.wav,147.1345,0.545037389530931,0.178181070618082,260.699065728433,1087.87460995274,1225.00169043671,499.381068803254,0.154293171355276,0.061265291582039,2307.62081311923,671.428091598893,6.88587597941987,1.26150472377938,60.1046991634206,20.9304492803006,3411.32792333505,3183.24964176801,1710.30225542075,1385.74763550894,0.592209099728852,0.0484714498484984,0.0512906209079104,0.034704116336699,21244.7007137727,31937.9475887653,0.698563436635801,0.385410725024825,0.645163740519123,0.127771797791343,-0.0524937481442115,0.112834459571746,110.069228018644,31.728519508775,0.0915624999999997,0.0851187396714744,2.39949360369468,1.96233330630191,0.885673105596779,0.464596752450138,5.1088199448682,-0.824033781983755,0.474348419883846,0.0390405453750829,0.0353829627000397,-0.157809538853701,-0.148655578853317,-0.166446570386917,-0.275160542644515,-0.101114022820054,-0.00410497760191804,-0.118315637412445,-0.0809899238049377,0.713966974525957,0.520618770333934,0.291965200697659,0.347679960614776,0.270481838121096,0.316647314445004,0.277178719305947,0.27330704535423,0.359337483913348,0.314182847200942,0.358088542873209,0.416316770639661,0.391577029570885,-0.000459626290158104,-3.63540186936906e-06,2.65728141033241e-05,-6.57416680921414e-05,-3.9090847024302e-05,8.89083984435757e-07,-1.95607652479915e-06,8.64590601168471e-06,2.37206940182316e-05,-3.34558519461681e-05,-3.35638670730452e-05,1.39822942931642e-05,2.0820486421526e-05,1.61583488346246e-05,4.07069838842797e-06,-6.78733054536393e-06,1.20519003089053e-06,-6.51201439375555e-06,-8.5473250635007e-06,-5.97332789894072e-06,5.64151280212835e-06,6.15601941263449e-06,8.46523870314336e-06,1.05065323630033e-05,-6.9431145145891e-07,-6.08062172946766e-07,0.0305256349929996,0.0665223557926497,0.100056969673645,0.0918259478814397,0.0694951850858462,0.089829447163946,0.0752361182447834,0.0427717415310497,0.0368259906152682,0.0363841123199694,0.031274102006802,0.0317501089666208,0.0213463308893228,0.0246430361275722,0.039788108166753,0.0269676100040539,0.0172775891613083,0.0203157604345306,0.0147839035741534,0.0143353139925295,0.0169703531427071,0.015535191217063,0.0129795814046458,0.0120018401707902,0.00847962315579624,0.0060135866362208,0.00504286489823438,0.00489439241463819,0.00454679896506493,0.00448985328459653,0.00373809860225088,0.00327691636791337,0.00297385163730924,0.00263995745576696,0.00251098903366723,0.0024945340955234,0.0023959856080118,0.00236448101252815,0.00234940509702861,0.00234632917499919,0.0225252421280153,0.0584935246251324,0.0790666949294867,0.076945594442956,0.0616415802270363,0.084430116988852,0.0788573321387869,0.0520076333467208,0.0424553907748658,0.036353194390798,0.0364135191772569,0.0328487493975196,0.0205355078851484,0.0291100698075395,0.0440017583291221,0.0330779503673771,0.015066003404957,0.0150682666089243,0.0128608973436863,0.0147895450868469,0.0168963909217925,0.0151293181003185,0.0132601573296322,0.0115068515588702,0.00827207683310558,0.005787986684255,0.00430926951105613,0.00416318231937619,0.00390333493452922,0.00393271984107958,0.00288470789456446,0.00254117796858486,0.0022740317430329,0.00162375839018945,0.001497230236492,0.00146749307913794,0.00129304276878672,0.00123570504557034,0.00121774725967395,0.00121451675962456
track8,wtc1f03,01_deployed_t0.wav,128.962416666667,0.549932131083964,0.111241589134918,374.694132862244,857.223524817269,996.320812777506,322.007019718465,0.113679083078104,0.0353454621434339,2030.03495588592,428.333651480399,7.68032070335261,1.17010084002263,73.3447073072924,23.0890083694358,2515.57270445285,1670.06394133942,1350.87356300931,971.673885316503,0.588218609340231,0.0334365172496002,0.038840410272011,0.0163680965059049,27405.4940143855,31928.6107861253,0.808643314290474,0.383952450997573,0.64875340589009,0.116619789568007,-0.0154070523238378,0.131464983873207,120.307988103436,29.1621990436028,0.0874299065420559,0.0460570081833542,1.93131755827096,1.47838392860221,0.923512351659645,0.383971376956293,5.54421215262464,-0.628560190098709,0.657074210172443,0.0817564024988586,0.0816584057396542,-0.189032775267199,-0.0691931791326031,-0.2041591958618,-0.0194451815845988,-0.0224063943645985,-0.0556332731053421,-0.138009068315172,-0.0638348277046221,0.520706460393451,0.329852977171913,0.305011070507817,0.327392625866611,0.25978292281882,0.303931132157951,0.309497726289028,0.320143555633351,0.338897508509662,0.335180473383482,0.332872632407326,0.354208565673449,0.329085325025771,-0.000571268850074469,0.000103914911109755,-7.32991130883527e-05,5.24055209896068e-05,0.000120313234706065,-9.26601288962528e-06,0.000107340652984107,7.85991999096353e-05,3.89350682703959e-05,8.2474232714521e-05,9.99197230566824e-05,0.000222307718903547,0.000257210403280468,3.71240504353698e-06,-2.22645457327492e-05,-3.32240236108038e-06,-1.28978639879833e-05,-1.24277096108164e-05,8.44035448689981e-06,9.89531214848821e-06,-1.12789364455186e-05,-4.72860826619336e-06,-1.50222318676815e-06,-6.97788104312585e-06,-6.50899280481488e-06,-7.11720955911056e-06,0.0628073399936183,0.0809828906590219,0.114798601634998,0.112055199181296,0.0702859159179569,0.0735367083535265,0.0694533828328729,0.0533566433798614,0.0397673707385291,0.0444635127623584,0.0357263635958089,0.0168341688296734,0.0211040279845498,0.0189892604328158,0.0169140001563221,0.0186583679243673,0.0222134579988979,0.0147106490186522,0.0113037736537125,0.0120181379430226,0.0108567737108669,0.00901642043595126,0.00987096951472088,0.00639144620879094,0.00602668301147908,0.00600129924827582,0.00441928301828663,0.00368229468765628,0.00357083685395381,0.00313914702388046,0.00301251376359084,0.00310777700204313,0.00302798951958715,0.00263415971143146,0.00261846199011646,0.00258894308769202,0.00254182448950043,0.00251856654456717,0.00250337190177241,0.00249146528397532,0.0489360209375819,0.0561289581013987,0.0899705418493607,0.0765730422329224,0.0490193802375511,0.0631208518469308,0.0661893970669316,0.0511483172837897,0.0438448958439038,0.0582648227915834,0.0484297006762212,0.0186345231756004,0.0204320917755792,0.0148832269346787,0.0150485084186798,0.0148018020171577,0.0154050662241483,0.0110414682017617,0.00767766715909852,0.00836080599070869,0.00771564491587824,0.00654018949316417,0.0068884135616392,0.00386789650661679,0.00420861074863521,0.00422362225447401,0.00268491874388194,0.00188413969508115,0.00180652652051323,0.00157521727252081,0.00148096690102375,0.00176295494522472,0.00172978517035885,0.00115394909686384,0.0011567010804025,0.00113866137335218,0.00108285948151966,0.00105960836726861,0.00104710885329164,0.00103687538208554
track9,wtc1f03,01_deployed_t0.wav,148.155854166667,0.567594936708861,0.148399124631772,441.46661894317,958.502226653409,1058.01763874872,224.186819388006,0.143104717528884,0.040617742653368,2082.24308489031,513.182122471961,7.43458170091973,1.19465090938763,70.8474467127871,23.4446342756588,2886.3422439759,1824.89649656705,1451.41481418632,330.400696879509,0.581047229464817,0.0427482099185623,0.0406160271028334,0.0167477257401924,22057.1225167842,32419.4385034089,0.830776883260103,0.443054053102195,0.645196247619943,0.110940012628504,-0.0235014133214444,0.126915701761419,157.440181166384,35.3499815874972,0.0898727735368955,0.076410105223708,2.3686030927387,1.95807251813263,0.885511928871455,0.464844231312406,5.08054351207466,-0.715572328765612,0.822844195852813,-0.000746325001900649,0.109030279434678,-0.26624355193436,-0.201723840825522,-0.112248821838991,-0.0474874492726765,-0.181080226538031,0.0165733117395248,-0.0534314992591408,-0.158117185458107,0.585012135345389,0.337434565794527,0.360213202787654,0.376779849451177,0.336741064927802,0.30839020288196,0.333747078953747,0.363146404481372,0.361616654113167,0.403356525017901,0.379602784093646,0.41191812398237,0.329637662561425,-0.000370396369978667,7.2350132479866e-05,-6.08512918524706e-05,3.7658862025568e-05,5.97357650355101e-05,-2.93871135757234e-06,3.10037061060185e-05,2.95377099044749e-05,7.2936001938749e-05,0.000152255426699919,9.01534592419024e-05,0.000170046636005154,0.000188342475352239,-9.75681170947183e-06,-4.57821628680597e-06,2.55293404947656e-06,2.74186296749462e-06,1.3876624307945e-06,-8.32124284094947e-06,-4.96555826977422e-06,8.16089211231834e-06,-3.06747707010487e-06,-8.22608478812088e-06,9.8987052478343e-06,-6.08231622795102e-06,-9.72047571109649e-06,0.0507036499903156,0.0681742819592053,0.102247512975834,0.11426863753329,0.0752256955131273,0.0581660606147235,0.0724221518133197,0.0769266451184446,0.0540034720649563,0.0368047423222256,0.0303562179894312,0.0157216540911802,0.0171141761529753,0.0193555755433155,0.0192464306084879,0.0176171729612929,0.0182759678378102,0.0133785170285205,0.0127759704897826,0.0170954018083014,0.0147423435021964,0.0105610788013341,0.0115055274734466,0.00726316972110609,0.0059432167526439,0.00702960586607399,0.00598374473960313,0.00612226273462116,0.00638592294193769,0.0043950133037823,0.00390699367743623,0.00333229324962784,0.00330984947058927,0.00318322012777047,0.00294348828476233,0.00286059867561386,0.00274432956461528,0.00266299014791401,0.0026285266214967,0.00261588992688907,0.044818421180742,0.0550021673821431,0.0922550756387822,0.092953493891915,0.0663798584706419,0.0526643180807355,0.0997230812712619,0.113045891267773,0.0927646448047175,0.0586053136994516,0.052202574264733,0.0166475048766391,0.0167339899981737,0.0192814154699251,0.0194382210904745,0.0150453640502566,0.0126313221259465,0.00959995986644538,0.00976185720862472,0.01238100855931,0.0109507879219023,0.00810208551532871,0.00865211787882154,0.00525029006772559,0.00453777344029229,0.00626067876610253,0.00519479457158843,0.00442000964877402,0.00473601744129637,0.00303206414569316,0.0026160620944465,0.00209993759753381,0.00204710219603093,0.00203671483184295,0.00175593716681754,0.00169958843912641,0.00155445222093506,0.00144262769320564,0.00139540202419785,0.0013805708069357
