trial_row,stim_name,mean_ioi_s,consensus_median_ioi_s,participant_ioi_to_consensus_ioi_ratio,perceived_tempo_bpm,cv_ioi_pct,wtc_code,manifest_wtc_code,beta_list,beta_perf,beta_score
0,track12,0.6509982738780208,0.625,1.0415972382048333,92.16614299539964,17.224369534116995,wtc1p04,wtc1p04,2,-0.3545,-0.5101
1,track1,0.4340131578947368,0.3999999999999986,1.085032894736846,138.24465666211916,14.76892240531083,wtc1p15,wtc1p15,2,-0.2186,-0.2511
2,track4,0.4439482228298018,0.5225000000000044,0.8496616704876517,135.1508957903914,41.865903732476184,wtc2f06,wtc2f06,1,-0.9994,-0.9258
3,track16,0.4862392795883362,0.4799999999999969,1.0129984991423735,123.3960367224912,18.97437090153105,wtc1f05,wtc1f05,3,-0.5387,-0.6812
4,track3,0.4777585572322414,0.5349999999999966,0.8930066490322327,125.58644757216484,33.373290718289084,wtc2f06,wtc2f06,1,-1.0934,-0.9258
5,track19,0.3937558441558441,0.6349999999999989,0.6200879435525114,152.37869073062618,66.04010068195996,wtc1p03,wtc1p03,2,-1.3369,-1.2469
6,track18,0.5228496503496503,0.5200000000000031,1.0054800968262445,114.75574280268836,11.874427860392204,wtc2p01,wtc2p01,1,-0.2781,-0.1693
7,track8,0.560445413961039,0.5650000000000013,0.991938785771748,107.05770536320436,13.3665790401527,wtc1f03,wtc1p03,3,-0.6684,-0.6974
8,track21,0.5358680175246441,0.5899999999999999,0.908250877160414,111.96786902334706,32.80489487722405,wtc1f05,wtc1f05,3,-0.539,-0.6812
9,track22,0.6198320158102767,0.6099999999999994,1.0161180587053726,96.80042087139508,8.862758690023414,wtc2f07,wtc2f07,2,-0.8852,-0.9718
10,track17,1.587038961038961,0.3999999999999986,3.967597402597417,37.80625521677223,16.002457544782246,wtc2f07,wtc2f07,2,-0.7004,-0.9718
11,track6,1.645730888429752,0.5750000000000028,2.862140675529989,36.457965528767616,29.408003141291715,wtc1p04,wtc1p04,2,-0.2648,-0.5101
12,track9,1.3282744924977938,0.3975000000000008,3.341571050308908,45.1713861396007,10.691201270989325,wtc1f03,wtc1p03,3,-0.6237,-0.6974
13,track7,1.0664297829036635,0.504999999999999,2.111742144363695,56.26249469199241,11.3320672943447,wtc2p24,wtc2p24,1,-0.5012,-0.3163
14,track14,1.5172782705099777,0.5050000000000008,3.004511426752426,39.5444930347768,6.268738007724164,wtc1p17,wtc1p17,1,-0.9336,-0.9849
15,track10,0.8251273726273727,0.5049999999999883,1.6339155893611716,72.71604601959555,13.250910187911646,wtc1p03,wtc1p03,3,-1.2481,-1.2469
16,track2,1.203896103896104,0.3249999999999975,3.704295704295733,49.838187702265365,13.94813531563542,wtc1p15,wtc1p15,3,-0.3972,-0.2511
17,track11,1.2880785123966942,0.3500000000000014,3.680224321133397,46.581011500890234,5.319211083389162,wtc1p15,wtc1p15,3,-0.2187,-0.2511
18,track13,1.300525568181818,0.3500000000000014,3.715787337662322,46.135194469019304,28.604864694417465,wtc1p15,wtc1p15,2,-0.417,-0.2511
19,track5,1.139517738359202,0.5399999999999991,2.1102180339985255,52.6538534506662,18.940005290933996,wtc2p01,wtc2p01,1,-0.3205,-0.1693
20,track24,0.3452491258741259,0.5450000000000017,0.6334846346314217,173.78755079564013,52.71832960441881,wtc1p17,wtc1p17,1,-1.0328,-0.9849
21,track23,0.6784615384615384,0.6450000000000014,1.0518783542039334,88.43537414965986,22.616568789321953,wtc1p03,wtc1p03,3,-1.1204,-1.2469
22,track20,0.9510133287764868,0.4650000000000034,2.045189954358021,63.09059840117297,43.560411554382014,wtc2p24,wtc2p24,1,-0.44,-0.3163
23,track15,0.2538104448742746,0.5899999999999999,0.4301871947021605,236.3968907178784,52.742803769954705,wtc1p03,wtc1p03,2,-1.0295,-1.2469
24,track8,0.3251555023923445,0.5650000000000013,0.5754964644112278,184.52709413971968,59.11666678616593,wtc1f03,wtc1p03,3,-0.6684,-0.6974
25,track6,0.5524856370395405,0.5750000000000028,0.9608445861557178,108.60010826979364,80.40783375881713,wtc1p04,wtc1p04,2,-0.2648,-0.5101
26,track11,0.3786967329545455,0.3500000000000014,1.0819906655844114,158.43812417362926,36.83673879820869,wtc1p15,wtc1p15,3,-0.2187,-0.2511
27,track7,0.6381447963800904,0.504999999999999,1.2636530621387954,94.02254839395876,73.22785509930817,wtc2p24,wtc2p24,1,-0.5012,-0.3163
28,track22,0.6169956867949569,0.6099999999999994,1.011468339008127,97.24541238152854,12.474559172583565,wtc2f07,wtc2f07,2,-0.8852,-0.9718
29,track9,0.6644677033492823,0.3975000000000008,1.6716168637717757,90.29784246482866,74.28991712859921,wtc1f03,wtc1p03,3,-0.6237,-0.6974
30,track1,0.3742357038123167,0.3999999999999986,0.9355892595307952,160.32676569547905,37.394183304624775,wtc1p15,wtc1p15,2,-0.2186,-0.2511
31,track3,0.5750044782803404,0.5349999999999966,1.0747747257576523,104.34701339968925,29.68659561389681,wtc2f06,wtc2f06,1,-1.0934,-0.9258
32,track13,0.3512202797202797,0.3500000000000014,1.0034865134865094,170.8329600095571,26.63581909516885,wtc1p15,wtc1p15,2,-0.417,-0.2511
33,track16,0.6406803797468353,0.4799999999999969,1.3347507911392489,93.65044083870492,83.90350531437568,wtc1f05,wtc1f05,3,-0.5387,-0.6812
34,track20,0.513646737080347,0.4650000000000034,1.1046166388824583,116.8118001509168,38.068642078908965,wtc2p24,wtc2p24,1,-0.44,-0.3163
35,track18,0.6242076446280991,0.5200000000000031,1.200399316592491,96.12186027575456,40.22995372267294,wtc2p01,wtc2p01,1,-0.2781,-0.1693
36,track24,0.6267491883116882,0.5450000000000017,1.1499985106636446,95.73207451871713,64.33811714513463,wtc1p17,wtc1p17,1,-1.0328,-0.9849
37,track4,0.6564600951374207,0.5225000000000044,1.2563829572007943,91.3993103989662,29.90329730253995,wtc2f06,wtc2f06,1,-0.9994,-0.9258
38,track10,0.3035935828877006,0.5049999999999883,0.6011754116588269,197.63263580638335,48.47902472688749,wtc1p03,wtc1p03,3,-1.2481,-1.2469
39,track19,0.4640662055335968,0.6349999999999989,0.7308129221001537,129.29189689865535,45.240411212164645,wtc1p03,wtc1p03,2,-1.3369,-1.2469
40,track2,0.406344696969697,0.3249999999999975,1.250291375291385,147.657888604055,7.583754064728256,wtc1p15,wtc1p15,3,-0.3972,-0.2511
41,track23,0.4758584152334153,0.6450000000000014,0.7377649848580067,126.0879246415536,9.938872333574066,wtc1p03,wtc1p03,3,-1.1204,-1.2469
42,track17,0.7639703153988869,0.3999999999999986,1.909925788497224,78.5370829083491,5.18176807957254,wtc2f07,wtc2f07,2,-0.7004,-0.9718
43,track14,0.5079438920454545,0.5050000000000008,1.0058294891989183,118.1232827869712,28.192410917560252,wtc1p17,wtc1p17,1,-0.9336,-0.9849
44,track5,0.7217503392130258,0.5399999999999991,1.336574702246346,83.13123907281033,35.40033442661436,wtc2p01,wtc2p01,1,-0.3205,-0.1693
45,track15,0.5072873376623376,0.5899999999999999,0.8598090468853181,118.27616332094892,11.754368679424,wtc1p03,wtc1p03,2,-1.0295,-1.2469
46,track21,1.0376181818181818,0.5899999999999999,1.7586748844375966,57.824738474478266,21.81158378364001,wtc1f05,wtc1f05,3,-0.539,-0.6812
47,track5,0.5737700534759358,0.5399999999999991,1.0625371360665494,104.57150845798968,6.632364395719967,wtc2p01,wtc2p01,1,-0.3205,-0.1693
48,track9,0.5101276903308706,0.3975000000000008,1.2833401014613068,117.61761052626606,19.31411143848243,wtc1f03,wtc1p03,3,-0.6237,-0.6974
49,track1,0.7251623376623376,0.3999999999999986,1.8129058441558503,82.74009402283413,29.35702612176373,wtc1p15,wtc1p15,2,-0.2186,-0.2511
50,track10,0.5308178500331786,0.5049999999999883,1.051124455511269,113.03312425580586,29.03567659810212,wtc1p03,wtc1p03,3,-1.2481,-1.2469
51,track13,0.5072492163009404,0.3500000000000014,1.449283475145538,118.28505214368482,31.39961365052436,wtc1p15,wtc1p15,2,-0.417,-0.2511
52,track4,0.5461568181818182,0.5225000000000044,1.0452762070465331,109.8585571077238,41.09091704874718,wtc2f06,wtc2f06,1,-0.9994,-0.9258
53,track6,0.7016856060606059,0.5750000000000028,1.2203227931488738,85.50838079300388,73.853753902786,wtc1p04,wtc1p04,2,-0.2648,-0.5101
54,track17,0.8604176904176902,0.3999999999999986,2.1510442260442333,69.73357320311833,60.2053191390451,wtc2f07,wtc2f07,2,-0.7004,-0.9718
55,track11,0.20367903930131,0.3500000000000014,0.581940112289455,294.58112236694,37.94531661002426,wtc1p15,wtc1p15,3,-0.2187,-0.2511
56,track19,0.5254067990832696,0.6349999999999989,0.8274122820208984,114.19722794735064,36.34168017781887,wtc1p03,wtc1p03,2,-1.3369,-1.2469
57,track12,0.6848636363636363,0.625,1.0957818181818182,87.60868122386672,34.94470854881724,wtc1p04,wtc1p04,2,-0.3545,-0.5101
58,track14,0.5408766233766235,0.5050000000000008,1.0710428185675696,110.93102827300557,25.823912439030845,wtc1p17,wtc1p17,1,-0.9336,-0.9849
59,track7,0.5371818181818181,0.504999999999999,1.0637263726372657,111.69402606193944,17.517184423755445,wtc2p24,wtc2p24,1,-0.5012,-0.3163
60,track12,0.6348153409090909,0.625,1.0157045454545457,94.5156742968383,12.00837706961672,wtc1p04,wtc1p04,2,-0.3545,-0.5101
61,track23,0.2299460322286409,0.6450000000000014,0.3565054763234735,260.9307906663097,60.33679372110843,wtc1p03,wtc1p03,3,-1.1204,-1.2469
62,track24,0.5486515151515153,0.5450000000000017,1.0067000278009424,109.35903454751316,6.045516643831004,wtc1p17,wtc1p17,1,-1.0328,-0.9849
63,track2,0.2563827885597549,0.3249999999999975,0.7888701186454057,234.02506984596533,10.756079600311232,wtc1p15,wtc1p15,3,-0.3972,-0.2511
64,track7,0.2660044945725915,0.504999999999999,0.5267415734110734,225.56009851038905,75.53862066017912,wtc2p24,wtc2p24,1,-0.5012,-0.3163
65,track16,0.4831860662701784,0.4799999999999969,1.0066376380628783,124.17576620773328,45.69401580479999,wtc1f05,wtc1f05,3,-0.5387,-0.6812
66,track15,0.5159039256198347,0.5899999999999999,0.8744134332539573,116.30072387588984,16.17247063279584,wtc1p03,wtc1p03,2,-1.0295,-1.2469
67,track3,0.296215909090909,0.5349999999999966,0.5536745964316092,202.5549545402233,87.80407988806176,wtc2f06,wtc2f06,1,-1.0934,-0.9258
68,track20,0.2573724489795919,0.4650000000000034,0.5534891375905161,233.1251858459708,47.965555542755226,wtc2p24,wtc2p24,1,-0.44,-0.3163
69,track21,0.6702712609970674,0.5899999999999999,1.1360529847407923,89.51599671862184,81.99587960417406,wtc1f05,wtc1f05,3,-0.539,-0.6812
70,track22,0.575208211143695,0.6099999999999994,0.9429642805634354,104.31005475513138,65.24926018979802,wtc2f07,wtc2f07,2,-0.8852,-0.9718
71,track8,0.5721899874319228,0.5650000000000013,1.0127256414724275,104.86027598855632,6.04237411861888,wtc1f03,wtc1p03,3,-0.6684,-0.6974
72,track18,0.2708754863813229,0.5200000000000031,0.5209143968871565,221.50398620986857,24.45646501206567,wtc2p01,wtc2p01,1,-0.2781,-0.1693
73,track6,0.5854026485325697,0.5750000000000028,1.0180915626653335,102.49355746920884,6.848562719324676,wtc1p04,wtc1p04,2,-0.2648,-0.5101
74,track4,0.578562834224599,0.5225000000000044,1.1072972903819982,103.70524418564348,24.419662479832706,wtc2f06,wtc2f06,1,-0.9994,-0.9258
75,track21,0.3780870659952292,0.5899999999999999,0.6408255355851343,158.69360630484277,86.20445294191929,wtc1f05,wtc1f05,3,-0.539,-0.6812
76,track7,0.5130620282244831,0.504999999999999,1.0159644123257112,116.9449241988102,9.129547199666,wtc2p24,wtc2p24,1,-0.5012,-0.3163
77,track23,0.748575,0.6450000000000014,1.1605813953488349,80.15228934976456,39.9373324771382,wtc1p03,wtc1p03,3,-1.1204,-1.2469
78,track15,0.2284504132231404,0.5899999999999999,0.3872040902087127,262.6390521841368,59.66047494835143,wtc1p03,wtc1p03,2,-1.0295,-1.2469
79,track19,0.4075663466967815,0.6349999999999989,0.6418367664516256,147.2152950955943,39.76025000430375,wtc1p03,wtc1p03,2,-1.3369,-1.2469
80,track16,0.3347113636363636,0.4799999999999969,0.6973153409090954,179.2589272982828,77.62741616420145,wtc1f05,wtc1f05,3,-0.5387,-0.6812
81,track1,0.6831818181818182,0.3999999999999986,1.7079545454545515,87.82435129740519,17.404755307711717,wtc1p15,wtc1p15,2,-0.2186,-0.2511
82,track5,0.3747942338990933,0.5399999999999991,0.6940633961094331,160.0878417359909,35.9959441366309,wtc2p01,wtc2p01,1,-0.3205,-0.1693
83,track3,0.265654609475032,0.5349999999999966,0.4965506719159508,225.85717642380752,44.47816019695765,wtc2f06,wtc2f06,1,-1.0934,-0.9258
84,track12,2.7863474025974027,0.625,4.458155844155844,21.533567545837485,67.46968519056335,wtc1p04,wtc1p04,2,-0.3545,-0.5101
85,track17,1.5491838842975203,0.3999999999999986,3.872959710743815,38.73006981815272,18.61125369076582,wtc2f07,wtc2f07,2,-0.7004,-0.9718
86,track11,1.285284090909091,0.3500000000000014,3.6722402597402457,46.68228637107112,6.0860227475841215,wtc1p15,wtc1p15,3,-0.2187,-0.2511
87,track9,0.6911375057103699,0.3975000000000008,1.738710706189606,86.81340471941306,28.057141880502375,wtc1f03,wtc1p03,3,-0.6237,-0.6974
88,track6,1.1160511363636365,0.5750000000000028,1.9409584980237056,53.76097747231768,26.37254409271616,wtc1p04,wtc1p04,2,-0.2648,-0.5101
89,track10,0.763538961038961,0.5049999999999883,1.511958338691047,78.58145171578008,19.145685754300704,wtc1p03,wtc1p03,3,-1.2481,-1.2469
90,track14,0.4999304613297151,0.5050000000000008,0.9899613095637908,120.01669160229204,43.004729239217845,wtc1p17,wtc1p17,1,-0.9336,-0.9849
91,track24,1.2052272727272728,0.5450000000000017,2.211426188490402,49.7831416179521,65.16324154853581,wtc1p17,wtc1p17,1,-1.0328,-0.9849
92,track13,1.1812223587223587,0.3500000000000014,3.374921024921011,50.794839394081215,23.39525022321217,wtc1p15,wtc1p15,2,-0.417,-0.2511
93,track20,1.0482870022539443,0.4650000000000034,2.254380650008466,57.23623384721237,56.224537580528064,wtc2p24,wtc2p24,1,-0.44,-0.3163
94,track22,1.343171328671329,0.6099999999999994,2.2019202109366067,44.670399612648275,54.06933348625782,wtc2f07,wtc2f07,2,-0.8852,-0.9718
95,track8,1.1735313036020585,0.5650000000000013,2.0770465550478865,51.12773712625722,26.70914412906234,wtc1f03,wtc1p03,3,-0.6684,-0.6974
96,track21,1.2968607954545452,0.5899999999999999,2.198069144838213,46.26556698320903,21.13367573290427,wtc1f05,wtc1f05,3,-0.539,-0.6812
97,track2,0.3468151105651105,0.3249999999999975,1.0671234171234252,173.0028426449882,105.33206724629956,wtc1p15,wtc1p15,3,-0.3972,-0.2511
98,track18,1.1268682891911237,0.5200000000000031,2.167054402290609,53.244909432200416,38.314489586634046,wtc2p01,wtc2p01,1,-0.2781,-0.1693
99,track8,0.5557894736842105,0.5650000000000013,0.9836981835118748,107.95454545454544,32.6424507473625,wtc1f03,wtc1p03,3,-0.6684,-0.6974
100,track9,0.3188900996264009,0.3975000000000008,0.8022392443431454,188.15259573844915,23.317708529808375,wtc1f03,wtc1p03,3,-0.6237,-0.6974
101,track12,0.7605564263322886,0.625,1.2168902821316618,78.88961018887754,66.43256426905002,wtc1p04,wtc1p04,2,-0.3545,-0.5101
102,track15,0.4646799628942485,0.5899999999999999,0.7875931574478792,129.12112591705346,33.09589802691412,wtc1p03,wtc1p03,2,-1.0295,-1.2469
103,track4,0.5319755244755245,0.5225000000000044,1.0181349750727655,112.78714384304445,17.038522898862116,wtc2f06,wtc2f06,1,-0.9994,-0.9258
104,track10,0.253966275659824,0.5049999999999883,0.502903516158079,236.2518403048411,25.248076111835932,wtc1p03,wtc1p03,3,-1.2481,-1.2469
105,track17,0.7798295454545453,0.3999999999999986,1.9495738636363704,76.93989071038253,12.96698782481604,wtc2f07,wtc2f07,2,-0.7004,-0.9718
106,track20,0.4887186828919113,0.4650000000000034,1.051007920197651,122.77001493980136,38.83525482950661,wtc2p24,wtc2p24,1,-0.44,-0.3163
107,track13,0.2969946172248803,0.3500000000000014,0.8485560492139405,202.02386346473344,19.86186718720497,wtc1p15,wtc1p15,2,-0.417,-0.2511
108,track3,0.5801681354359927,0.5349999999999966,1.0844264213756942,103.41829606844983,52.92440199602076,wtc2f06,wtc2f06,1,-1.0934,-0.9258
109,track22,0.5934448051948052,0.6099999999999994,0.9728603363849276,101.10460058758842,18.50706762151379,wtc2f07,wtc2f07,2,-0.8852,-0.9718
110,track24,0.5252306149732621,0.5450000000000017,0.9637258990335054,114.23553442910868,17.357566909457532,wtc1p17,wtc1p17,1,-1.0328,-0.9849
111,track23,0.4518901035673188,0.6450000000000014,0.7006048117322757,132.77564506579574,11.561736587028289,wtc1p03,wtc1p03,3,-1.1204,-1.2469
112,track5,0.4105296610169492,0.5399999999999991,0.7602401129943516,146.15265520978477,43.61321685472559,wtc2p01,wtc2p01,1,-0.3205,-0.1693
113,track19,0.2182792207792208,0.6349999999999989,0.3437468043767263,274.8772869254796,21.822053659751084,wtc1p03,wtc1p03,2,-1.3369,-1.2469
114,track18,0.5553996865203761,0.5200000000000031,1.068076320231486,108.03030944418578,33.36695811355907,wtc2p01,wtc2p01,1,-0.2781,-0.1693
115,track14,0.3810240185950413,0.5050000000000008,0.7545030071188925,157.47038788063648,36.319780429177314,wtc1p17,wtc1p17,1,-0.9336,-0.9849
116,track2,0.3236244911804613,0.3249999999999975,0.9957676651706578,185.4000597456095,31.05458219835191,wtc1p15,wtc1p15,3,-0.3972,-0.2511
117,track6,0.618057184750733,0.5750000000000028,1.074882060436052,97.07839578662684,23.566809565754635,wtc1p04,wtc1p04,2,-0.2648,-0.5101
118,track7,0.4297926393847843,0.504999999999999,0.8510745334352182,139.60220464893365,42.49035231606248,wtc2p24,wtc2p24,1,-0.5012,-0.3163
119,track12,0.6431456827691139,0.625,1.0290330924305822,93.29146040701902,12.607069119214012,wtc1p04,wtc1p04,2,-0.3545,-0.5101
120,track16,0.4881818181818182,0.4799999999999969,1.0170454545454612,122.90502793296088,16.738428974768553,wtc1f05,wtc1f05,3,-0.5387,-0.6812
121,track1,0.4492643540669856,0.3999999999999986,1.123160885167468,133.55165941131835,20.728785270388187,wtc1p15,wtc1p15,2,-0.2186,-0.2511
122,track11,0.4564804587935429,0.3500000000000014,1.3042298822672602,131.44045674721164,8.863551247710781,wtc1p15,wtc1p15,3,-0.2187,-0.2511
123,track21,0.6193120393120393,0.5899999999999999,1.0496814225627786,96.8816948345632,15.126336207211407,wtc1f05,wtc1f05,3,-0.539,-0.6812
124,track19,0.4299445676274945,0.6349999999999989,0.677078059255898,139.55287382996826,22.64497779586142,wtc1p03,wtc1p03,2,-1.3369,-1.2469
125,track15,0.4434722222222222,0.5899999999999999,0.7516478342749531,135.29595991230818,8.119524142795054,wtc1p03,wtc1p03,2,-1.0295,-1.2469
126,track20,0.4812007018716577,0.4650000000000034,1.0348402190788262,124.68809743341303,13.252655017219148,wtc2p24,wtc2p24,1,-0.44,-0.3163
127,track10,0.271903409090909,0.5049999999999883,0.5384225922592383,220.66659701180657,39.105681969445385,wtc1p03,wtc1p03,3,-1.2481,-1.2469
128,track12,1.017430764599639,0.625,1.6278892233594224,58.972071700240086,62.987590218499065,wtc1p04,wtc1p04,2,-0.3545,-0.5101
129,track10,0.4142727272727273,0.5049999999999883,0.8203420342034394,144.83212639894666,63.63902472386576,wtc1p03,wtc1p03,3,-1.2481,-1.2469
130,track22,0.7107294721407625,0.6099999999999994,1.1651302821979723,84.42030667347474,45.91121422596781,wtc2f07,wtc2f07,2,-0.8852,-0.9718
131,track8,0.642230334432407,0.5650000000000013,1.1366908574024877,93.42442544858466,51.413924088621485,wtc1f03,wtc1p03,3,-0.6684,-0.6974
132,track3,0.5801690269529466,0.5349999999999966,1.084428087762524,103.41813715068622,28.44550506251568,wtc2f06,wtc2f06,1,-1.0934,-0.9258
133,track6,0.7599066156615661,0.5750000000000028,1.3215767228896738,78.95707020232305,54.192035098370816,wtc1p04,wtc1p04,2,-0.2648,-0.5101
134,track16,0.7532785299806577,0.4799999999999969,1.569330270793047,79.65181219427646,50.2625247821198,wtc1f05,wtc1f05,3,-0.5387,-0.6812
135,track15,0.4651986754966887,0.5899999999999999,0.7884723313503201,128.97715139867606,36.89105202781596,wtc1p03,wtc1p03,2,-1.0295,-1.2469
136,track7,1.0531233288770054,0.504999999999999,2.0853927304495197,56.97338417522362,17.165268613286084,wtc2p24,wtc2p24,1,-0.5012,-0.3163
137,track21,0.5599972283813747,0.5899999999999999,0.9491478447141946,107.14338742965748,59.036420430862215,wtc1f05,wtc1f05,3,-0.539,-0.6812
138,track14,0.3338474025974027,0.5050000000000008,0.6610839655394103,179.72283005105757,52.86311366626843,wtc1p17,wtc1p17,1,-0.9336,-0.9849
139,track17,0.3939432989690721,0.3999999999999986,0.984858247422684,152.30618253189402,54.13375368418127,wtc2f07,wtc2f07,2,-0.7004,-0.9718
140,track9,0.3292642357642357,0.3975000000000008,0.8283377000358114,182.2244674121304,30.04290424851336,wtc1f03,wtc1p03,3,-0.6237,-0.6974
141,track24,0.2984914101646385,0.5450000000000017,0.547690660852546,201.01080954693427,33.865523208467856,wtc1p17,wtc1p17,1,-1.0328,-0.9849
142,track2,0.3326351351351351,0.3249999999999975,1.0234927234927311,180.37781840341253,34.68469027129406,wtc1p15,wtc1p15,3,-0.3972,-0.2511
143,track11,0.3400673981191223,0.3500000000000014,0.9716211374832026,176.43561344561053,24.41359018439083,wtc1p15,wtc1p15,3,-0.2187,-0.2511
144,track1,0.3491687004270897,0.3999999999999986,0.8729217510677273,171.8367079483651,106.96161475826894,wtc1p15,wtc1p15,2,-0.2186,-0.2511
145,track20,0.2645882407066617,0.4650000000000034,0.569006969261634,226.7674475621143,39.637679507241415,wtc2p24,wtc2p24,1,-0.44,-0.3163
146,track18,0.3055272339600697,0.5200000000000031,0.5875523730001305,196.38183877199495,37.87255764678627,wtc2p01,wtc2p01,1,-0.2781,-0.1693
147,track19,0.6379104823747681,0.6349999999999989,1.00458343681066,94.05708427401323,12.607471579246884,wtc1p03,wtc1p03,2,-1.3369,-1.2469
148,track4,1.0253653355989805,0.5225000000000044,1.9624216949262616,58.51572889866637,17.434698587899117,wtc2f06,wtc2f06,1,-0.9994,-0.9258
149,track23,0.693202479338843,0.6450000000000014,1.074732526106731,86.55479717445083,33.97338440977938,wtc1p03,wtc1p03,3,-1.1204,-1.2469
150,track5,0.5580393356643357,0.5399999999999991,1.0334061771561789,107.5193022523602,16.232931284437505,wtc2p01,wtc2p01,1,-0.3205,-0.1693
151,track13,0.6493114973262033,0.3500000000000014,1.8551757066462875,92.4055715124,4.4737472652663035,wtc1p15,wtc1p15,2,-0.417,-0.2511
152,track15,0.6785064935064936,0.5899999999999999,1.1500110059432098,88.42951478610392,32.74475076339585,wtc1p03,wtc1p03,2,-1.0295,-1.2469
153,track7,1.102995867768595,0.504999999999999,2.1841502332051426,54.39730261309357,44.819885068725114,wtc2p24,wtc2p24,1,-0.5012,-0.3163
154,track8,1.136144859813084,0.5650000000000013,2.0108758580762505,52.81016719106669,19.95250466820081,wtc1f03,wtc1p03,3,-0.6684,-0.6974
155,track18,0.990964285714286,0.5200000000000031,1.9057005494505384,60.547086171477986,23.21373868068096,wtc2p01,wtc2p01,1,-0.2781,-0.1693
156,track24,1.110487012987013,0.5450000000000017,2.0375908495174486,54.030348215068855,14.153872681314022,wtc1p17,wtc1p17,1,-1.0328,-0.9849
157,track3,0.554067513368984,0.5349999999999966,1.0356402119046495,108.29005229917298,25.558904077139267,wtc2f06,wtc2f06,1,-1.0934,-0.9258
158,track13,0.3530611888111888,0.3500000000000014,1.0087462537462497,169.94221370530477,15.91694796682657,wtc1p15,wtc1p15,2,-0.417,-0.2511
159,track14,0.5070853573907009,0.5050000000000008,1.004129420575644,118.32327462331156,9.60772914599081,wtc1p17,wtc1p17,1,-0.9336,-0.9849
160,track1,0.3407015810276679,0.3999999999999986,0.851753952569173,176.1071956843296,19.772773917691016,wtc1p15,wtc1p15,2,-0.2186,-0.2511
161,track20,0.4959371604491127,0.4650000000000034,1.0665315278475462,120.98306960031988,27.376778066057067,wtc2p24,wtc2p24,1,-0.44,-0.3163
162,track23,0.3401270053475936,0.6450000000000014,0.5273286904613844,176.40469311950943,32.58413233065844,wtc1p03,wtc1p03,3,-1.1204,-1.2469
163,track4,0.5538429752066115,0.5225000000000044,1.0599865554193433,108.33395508468254,33.932886452572454,wtc2f06,wtc2f06,1,-0.9994,-0.9258
164,track16,0.483654276757725,0.4799999999999969,1.0076130765786004,124.05555555555556,51.69354419906378,wtc1f05,wtc1f05,3,-0.5387,-0.6812
165,track6,0.6269188722669735,0.5750000000000028,1.090293690899079,95.70616335577309,27.774685092268037,wtc1p04,wtc1p04,2,-0.2648,-0.5101
166,track11,0.3629016913319239,0.3500000000000014,1.036861975234064,165.33403242015115,19.38311181450266,wtc1p15,wtc1p15,3,-0.2187,-0.2511
167,track17,0.4093981018981019,0.3999999999999986,1.0234952547452585,146.55661499606524,64.09095996652201,wtc2f07,wtc2f07,2,-0.7004,-0.9718
168,track2,0.273298738833421,0.3249999999999975,0.8409191964105326,219.53998125315445,49.086413751176565,wtc1p15,wtc1p15,3,-0.3972,-0.2511
169,track19,0.3374683692596064,0.6349999999999989,0.5314462508025306,177.79444079940845,74.50930408929707,wtc1p03,wtc1p03,2,-1.3369,-1.2469
170,track12,0.4585531655844156,0.625,0.733685064935065,130.84633255891137,142.93118473628166,wtc1p04,wtc1p04,2,-0.3545,-0.5101
171,track1,0.2356234643734644,0.3999999999999986,0.5890586609336631,254.64356938959057,67.64565011444358,wtc1p15,wtc1p15,2,-0.2186,-0.2511
172,track9,0.4508874125874125,0.3975000000000008,1.1343079561947462,133.0709137691173,35.6864327200479,wtc1f03,wtc1p03,3,-0.6237,-0.6974
173,track5,0.9569991314418066,0.5399999999999991,1.772220613781126,62.69598166678011,15.566034822626936,wtc2p01,wtc2p01,1,-0.3205,-0.1693
174,track10,0.3692696280991736,0.5049999999999883,0.731226986335014,162.48289984977046,28.441588101314487,wtc1p03,wtc1p03,3,-1.2481,-1.2469
175,track21,0.9307378580323784,0.5899999999999999,1.577521793275218,64.46498278993688,19.937233662119596,wtc1f05,wtc1f05,3,-0.539,-0.6812
176,track22,1.0280073995771672,0.6099999999999994,1.6852580320937185,58.3653386392732,21.0694461944586,wtc2f07,wtc2f07,2,-0.8852,-0.9718
177,track19,0.351175023430178,0.6349999999999989,0.5530315329609111,170.8549754305902,20.29427473998762,wtc1p03,wtc1p03,2,-1.3369,-1.2469
178,track16,0.3463181818181817,0.4799999999999969,0.7214962121212166,173.25108281926765,68.83277177814908,wtc1f05,wtc1f05,3,-0.5387,-0.6812
179,track3,0.2005433352820813,0.5349999999999966,0.374847355667444,299.1872051773991,58.65786806750579,wtc2f06,wtc2f06,1,-1.0934,-0.9258
180,track14,0.2730871916187901,0.5050000000000008,0.5407667160768114,219.71004807781551,57.83281412338332,wtc1p17,wtc1p17,1,-0.9336,-0.9849
181,track13,0.3172360248447205,0.3500000000000014,0.9063886424134836,189.13362701908957,37.6146731172464,wtc1p15,wtc1p15,2,-0.417,-0.2511
182,track6,0.6878704856787048,0.5750000000000028,1.1962964968325245,87.22572235498589,49.133380010468095,wtc1p04,wtc1p04,2,-0.2648,-0.5101
183,track21,0.784813800657174,0.5899999999999999,1.3301928824697868,76.45125499801128,37.182868895697965,wtc1f05,wtc1f05,3,-0.539,-0.6812
184,track18,1.061590909090909,0.5200000000000031,2.0415209790209667,56.5189466923571,10.884565776885315,wtc2p01,wtc2p01,1,-0.2781,-0.1693
185,track9,0.6612553101104502,0.3975000000000008,1.663535371347041,90.73651142397348,15.369648514254369,wtc1f03,wtc1p03,3,-0.6237,-0.6974
186,track23,0.6688435828877005,0.6450000000000014,1.0369667951747272,89.70707282703205,8.702340540374356,wtc1p03,wtc1p03,3,-1.1204,-1.2469
187,track11,0.6885549525101765,0.3500000000000014,1.967299864314782,87.13901451331617,28.41502165047948,wtc1p15,wtc1p15,3,-0.2187,-0.2511
188,track4,0.547123473541384,0.5225000000000044,1.0471262651509654,109.66445948962132,26.82484933959727,wtc2f06,wtc2f06,1,-0.9994,-0.9258
189,track5,1.129231436502429,0.5399999999999991,2.091169326856354,53.13348358936777,40.02121227270514,wtc2p01,wtc2p01,1,-0.3205,-0.1693
190,track22,0.6738766766020866,0.6099999999999994,1.10471586328211,89.03706283847102,31.81346270324462,wtc2f07,wtc2f07,2,-0.8852,-0.9718
191,track8,0.6019451871657755,0.5650000000000013,1.0653897117978304,99.67684978512176,38.22749479529393,wtc1f03,wtc1p03,3,-0.6684,-0.6974
192,track20,0.4999928418038655,0.4650000000000034,1.0752534232341115,120.00171799166772,30.5590288543296,wtc2p24,wtc2p24,1,-0.44,-0.3163
193,track12,0.6562748731954741,0.625,1.0500397971127584,91.42510623308408,18.599767048937267,wtc1p04,wtc1p04,2,-0.3545,-0.5101
194,track10,0.5014176136363636,0.5049999999999883,0.9929061656165844,119.66073462172592,7.422135790374217,wtc1p03,wtc1p03,3,-1.2481,-1.2469
195,track15,0.2358247422680412,0.5899999999999999,0.3997029529966801,254.4262295081967,43.51263137980577,wtc1p03,wtc1p03,2,-1.0295,-1.2469
196,track24,0.6915827922077922,0.5450000000000017,1.2689592517574129,86.75750853843175,39.739467937520935,wtc1p17,wtc1p17,1,-1.0328,-0.9849
197,track17,1.5313090909090907,0.3999999999999986,3.828272727272741,39.1821614305051,21.9037555669084,wtc2f07,wtc2f07,2,-0.7004,-0.9718
198,track2,0.354103448275862,0.3249999999999975,1.0895490716180454,169.44200993280748,57.79105157755184,wtc1p15,wtc1p15,3,-0.3972,-0.2511
199,track7,1.0692800265428004,0.504999999999999,2.1173861911738663,56.112522922542745,29.388602913553928,wtc2p24,wtc2p24,1,-0.5012,-0.3163
200,track12,1.910633522727273,0.625,3.057013636363637,31.403196524237107,28.876743915694092,wtc1p04,wtc1p04,2,-0.3545,-0.5101
201,track19,0.2216377005347593,0.6349999999999989,0.3490357488736373,270.7120668335495,34.499052249021986,wtc1p03,wtc1p03,2,-1.3369,-1.2469
202,track14,0.5143097014925373,0.5050000000000008,1.0184350524604684,116.66122537816956,17.545438967158645,wtc1p17,wtc1p17,1,-0.9336,-0.9849
203,track5,0.6459527972027972,0.5399999999999991,1.1962088837088856,92.8860440883933,43.6209180775855,wtc2p01,wtc2p01,1,-0.3205,-0.1693
204,track18,1.0730851424694707,0.5200000000000031,2.063625273979739,55.91355021645638,15.248716419067126,wtc2p01,wtc2p01,1,-0.2781,-0.1693
205,track6,2.236463903743316,0.5750000000000028,3.889502441292704,26.828065456175743,27.52531011415143,wtc1p04,wtc1p04,2,-0.2648,-0.5101
206,track13,0.2990266148325359,0.3500000000000014,0.8543617566643849,200.65103580696936,38.12152638111569,wtc1p15,wtc1p15,2,-0.417,-0.2511
207,track23,0.2802189239332097,0.6450000000000014,0.4344479440824947,214.11830135462597,43.94702047293077,wtc1p03,wtc1p03,3,-1.1204,-1.2469
208,track24,0.3287594696969698,0.5450000000000017,0.6032283847650803,182.50424863899525,46.26373385776565,wtc1p17,wtc1p17,1,-1.0328,-0.9849
209,track2,0.244488011988012,0.3249999999999975,0.7522708061169658,245.41080567558456,35.03450627116389,wtc1p15,wtc1p15,3,-0.3972,-0.2511
210,track15,0.2584505703422053,0.5899999999999999,0.4380518141393311,232.15270881606537,40.87584677158732,wtc1p03,wtc1p03,2,-1.0295,-1.2469
211,track1,0.2662444113263785,0.3999999999999986,0.6656110283159488,225.3568429890848,43.34226108308458,wtc1p15,wtc1p15,2,-0.2186,-0.2511
212,track17,0.3769052898321191,0.3999999999999986,0.942263224580301,159.19118573985833,50.41151258185932,wtc2f07,wtc2f07,2,-0.7004,-0.9718
213,track11,0.2735296563192905,0.3500000000000014,0.7815133037693982,219.3546425911571,30.414865917907075,wtc1p15,wtc1p15,3,-0.2187,-0.2511
214,track22,0.5823100871731008,0.6099999999999994,0.9546067002837728,103.03788534950118,24.984551718690685,wtc2f07,wtc2f07,2,-0.8852,-0.9718
215,track9,0.5953806818181818,0.3975000000000008,1.49781303602058,100.7758596009047,29.11580189275938,wtc1f03,wtc1p03,3,-0.6237,-0.6974
216,track7,0.5334714627477787,0.504999999999999,1.0563791341540192,112.47087087087084,43.32934502462004,wtc2p24,wtc2p24,1,-0.5012,-0.3163
217,track21,0.637321107110711,0.5899999999999999,1.0802052662893409,94.14406541783843,23.08333965722957,wtc1f05,wtc1f05,3,-0.539,-0.6812
218,track4,0.5414624505928853,0.5225000000000044,1.0362917714696285,110.81100810278124,13.089601895034177,wtc2f06,wtc2f06,1,-0.9994,-0.9258
219,track3,0.5412580025608195,0.5349999999999966,1.0116972010482672,110.85286446782465,8.69940365057349,wtc2f06,wtc2f06,1,-1.0934,-0.9258
220,track10,0.4992220279720279,0.5049999999999883,0.9885584712317612,120.1870042548721,9.409397081197762,wtc1p03,wtc1p03,3,-1.2481,-1.2469
221,track16,0.4867387466902029,0.4799999999999969,1.014039055604596,123.26941384468928,15.23637361331989,wtc1f05,wtc1f05,3,-0.5387,-0.6812
222,track20,0.4881686556686557,0.4650000000000034,1.0498250659540906,122.90834182669232,18.877008561959386,wtc2p24,wtc2p24,1,-0.44,-0.3163
223,track8,0.5754450757575759,0.5650000000000013,1.0184868597479195,104.2671186663814,7.703269280157363,wtc1f03,wtc1p03,3,-0.6684,-0.6974
224,track7,0.6063589406461307,0.504999999999999,1.2007107735566969,98.95129102254934,42.960391836332555,wtc2p24,wtc2p24,1,-0.5012,-0.3163
225,track15,0.6540719696969696,0.5899999999999999,1.1085965588084232,91.7330244679311,14.23567248987164,wtc1p03,wtc1p03,2,-1.0295,-1.2469
226,track11,0.7439348710990503,0.3500000000000014,2.125528203140135,80.65222149266796,49.53596903236148,wtc1p15,wtc1p15,3,-0.2187,-0.2511
227,track12,1.3727153110047847,0.625,2.1963444976076554,43.70899014456382,351.53273625845867,wtc1p04,wtc1p04,2,-0.3545,-0.5101
228,track9,0.7651948051948052,0.3975000000000008,1.9250183778485623,78.41140529531567,99.97696780858986,wtc1f03,wtc1p03,3,-0.6237,-0.6974
229,track14,0.7533341658341659,0.5050000000000008,1.4917508234339896,79.64592968322641,16.837634550283045,wtc1p17,wtc1p17,1,-0.9336,-0.9849
230,track1,0.7250844155844155,0.3999999999999986,1.8127110389610452,82.74898578759303,26.21087869849716,wtc1p15,wtc1p15,2,-0.2186,-0.2511
231,track10,0.7502572898799316,0.5049999999999883,1.485657999762275,79.97256515775032,6.645376603755754,wtc1p03,wtc1p03,3,-1.2481,-1.2469
232,track20,0.5471985953960203,0.4650000000000034,1.1767711728946588,109.64940426533188,88.59326477011187,wtc2p24,wtc2p24,1,-0.44,-0.3163
233,track5,1.0405851063829783,0.5399999999999991,1.9270094562647784,57.65986811838676,34.37993863797749,wtc2p01,wtc2p01,1,-0.3205,-0.1693
234,track19,0.645487012987013,0.6349999999999989,1.016514981081912,92.95307077108797,7.538926092437026,wtc1p03,wtc1p03,2,-1.3369,-1.2469
235,track16,0.547034632034632,0.4799999999999969,1.1396554834054908,109.68226961579552,9.507445225259254,wtc1f05,wtc1f05,3,-0.5387,-0.6812
236,track8,0.5757773531777957,0.5650000000000013,1.0190749613766272,104.20694678047272,13.946534599348812,wtc1f03,wtc1p03,3,-0.6684,-0.6974
237,track21,0.575169984973704,0.5899999999999999,0.9748643813113628,104.31698726897775,25.727895207241936,wtc1f05,wtc1f05,3,-0.539,-0.6812
238,track4,0.5513905644118914,0.5225000000000044,1.0552929462428455,108.81579024478866,25.352498802583323,wtc2f06,wtc2f06,1,-0.9994,-0.9258
239,track3,0.5368857493857494,0.5349999999999966,1.0035247652070147,111.75562038784966,10.596150898144584,wtc2f06,wtc2f06,1,-1.0934,-0.9258
240,track22,0.6178560076287348,0.6099999999999994,1.012878701030714,97.11000501601266,11.63121560832292,wtc2f07,wtc2f07,2,-0.8852,-0.9718
241,track17,0.7940892857142858,0.3999999999999986,1.9852232142857216,75.55825406462928,24.886018625214092,wtc2f07,wtc2f07,2,-0.7004,-0.9718
242,track23,0.6373853580048271,0.6450000000000014,0.988194353495854,94.13457533416636,14.101186599025857,wtc1p03,wtc1p03,3,-1.1204,-1.2469
243,track18,0.5444026698208854,0.5200000000000031,1.046928211194004,110.21253811951487,29.895659821919946,wtc2p01,wtc2p01,1,-0.2781,-0.1693
244,track6,0.8829387808723066,0.5750000000000028,1.5355457058648734,67.95488124411357,21.781385345103203,wtc1p04,wtc1p04,2,-0.2648,-0.5101
245,track13,0.3551028533510286,0.3500000000000014,1.0145795810029348,168.96513062002464,24.83096007655363,wtc1p15,wtc1p15,2,-0.417,-0.2511
246,track24,0.3173415071770335,0.5450000000000017,0.5822779948202431,189.07076018432136,41.63359056189912,wtc1p17,wtc1p17,1,-1.0328,-0.9849
247,track2,0.2019930830039525,0.3249999999999975,0.621517178473705,297.03987437444044,32.76090630064631,wtc1p15,wtc1p15,3,-0.3972,-0.2511
248,track21,0.3706997439180536,0.5899999999999999,0.6283046507085657,161.85606001730477,78.89543863420512,wtc1f05,wtc1f05,3,-0.539,-0.6812
249,track14,0.2318230003212335,0.5050000000000008,0.4590554461806597,258.81814969549583,71.3299287939544,wtc1p17,wtc1p17,1,-0.9336,-0.9849
250,track11,0.2450664335664336,0.3500000000000014,0.7001898101898074,244.83157128793388,23.173081859254314,wtc1p15,wtc1p15,3,-0.2187,-0.2511
251,track23,0.2424953139643861,0.6450000000000014,0.3759617270765669,247.42746166555548,71.48899622443244,wtc1p03,wtc1p03,3,-1.1204,-1.2469
252,track4,0.3207026569419119,0.5225000000000044,0.6137849893625057,187.08918900808376,69.70542457919234,wtc2f06,wtc2f06,1,-0.9994,-0.9258
253,track3,0.280085508550855,0.5349999999999966,0.5235243150483305,214.22029404675828,87.0456983838319,wtc2f06,wtc2f06,1,-1.0934,-0.9258
254,track10,0.7542312834224599,0.5049999999999883,1.4935272939058957,79.55119512908458,12.53138830356049,wtc1p03,wtc1p03,3,-1.2481,-1.2469
255,track19,0.6322074707470747,0.6349999999999989,0.9956023161371272,94.90555359793277,6.420110648792035,wtc1p03,wtc1p03,2,-1.3369,-1.2469
256,track9,0.354623668102471,0.3975000000000008,0.8921350140942649,169.19344476089103,37.94031770520157,wtc1f03,wtc1p03,3,-0.6237,-0.6974
257,track20,0.4876427061310782,0.4650000000000034,1.0486939916797304,123.0409052480978,42.706986272300334,wtc2p24,wtc2p24,1,-0.44,-0.3163
258,track8,0.3056711030904579,0.5650000000000013,0.5410108019300128,196.28940843074744,27.261732679797035,wtc1f03,wtc1p03,3,-0.6684,-0.6974
259,track1,0.5267583732057416,0.3999999999999986,1.3168959330143586,113.90421690850876,46.94931576240088,wtc1p15,wtc1p15,2,-0.2186,-0.2511
260,track2,0.6112784090909091,0.3249999999999975,1.8808566433566576,98.15494725101082,10.461777176656108,wtc1p15,wtc1p15,3,-0.3972,-0.2511
261,track24,0.8258403805496831,0.5450000000000017,1.5153034505498726,72.65326498089586,7.527831666813789,wtc1p17,wtc1p17,1,-1.0328,-0.9849
262,track13,0.6411491677336748,0.3500000000000014,1.8318547649533492,93.58196659926608,10.662974720082309,wtc1p15,wtc1p15,2,-0.417,-0.2511
263,track5,0.9523372434017596,0.5399999999999991,1.7635874877810391,63.0028914816765,23.5382301658801,wtc2p01,wtc2p01,1,-0.3205,-0.1693
264,track17,1.6881293706293707,0.3999999999999986,4.220323426573442,35.542299686208715,33.018794011525756,wtc2f07,wtc2f07,2,-0.7004,-0.9718
265,track12,1.4054202401372216,0.625,2.2486723842195544,42.69185705916812,32.27884963677702,wtc1p04,wtc1p04,2,-0.3545,-0.5101
266,track6,1.0216325224071705,0.5750000000000028,1.7767522128820266,58.729532081288895,33.56440365527162,wtc1p04,wtc1p04,2,-0.2648,-0.5101
267,track3,0.2960422585227273,0.5349999999999966,0.553350015930335,202.6737679255807,43.87545235313268,wtc2f06,wtc2f06,1,-1.0934,-0.9258
268,track7,0.6650403568394224,0.504999999999999,1.316911597701829,90.22008872536335,52.79057784958293,wtc2p24,wtc2p24,1,-0.5012,-0.3163
269,track15,0.4214944503171247,0.5899999999999999,0.7143973734188556,142.35062870900697,58.27357280294074,wtc1p03,wtc1p03,2,-1.0295,-1.2469
270,track22,0.9092368421052632,0.6099999999999994,1.490552200172564,65.989406963619,39.123132808578944,wtc2f07,wtc2f07,2,-0.8852,-0.9718
271,track16,0.6927453341360624,0.4799999999999969,1.4432194461168062,86.61191500456266,77.72098230046345,wtc1f05,wtc1f05,3,-0.5387,-0.6812
272,track21,1.0365505865102638,0.5899999999999999,1.7568654008648543,57.884295065618474,35.12397516106373,wtc1f05,wtc1f05,3,-0.539,-0.6812
273,track14,0.6179082864038616,0.5050000000000008,1.22358076515616,97.1017889227404,72.05669753364914,wtc1p17,wtc1p17,1,-0.9336,-0.9849
274,track17,0.8663091660405711,0.3999999999999986,2.1657729151014355,69.25933875804111,35.035487960138376,wtc2f07,wtc2f07,2,-0.7004,-0.9718
275,track10,0.3037737843551797,0.5049999999999883,0.6015322462478945,197.51539826704249,44.7149940522454,wtc1p03,wtc1p03,3,-1.2481,-1.2469
276,track2,0.3161919555264879,0.3249999999999975,0.9728983246968934,189.7581483377546,14.975241803867176,wtc1p15,wtc1p15,3,-0.3972,-0.2511
