trial_row,stim_name,alignment_offset_s,usable,n_taps,mean_ioi_s,perceived_tempo_bpm,sd_ioi_s,trial_cv_ioi_pct,median_ioi_s,first_tap_s,last_tap_s,wtc_code,manifest_wtc_code,beta_list,beta_perf,beta_score
0,track12,0.9890625,True,238,0.6509982738780208,92.16614299539964,0.1121303483534733,17.224369534116995,0.6320454545454623,3.7093465909090906,157.99593750000005,wtc1p04,wtc1p04,2,-0.3545,-0.5101
1,track1,1.06510416666667,True,115,0.4340131578947368,138.24465666211916,0.0640990665183128,14.76892240531083,0.4418181818181779,4.030123106060602,53.5076231060606,wtc1p15,wtc1p15,2,-0.2186,-0.2511
2,track4,1.97366666666667,True,267,0.4439482228298018,135.1508957903914,0.1858629355919636,41.865903732476184,0.4990909090909099,-1.220939393939397,116.86928787878789,wtc2f06,wtc2f06,1,-0.9994,-0.9258
3,track16,1.222125,True,213,0.4862392795883362,123.3960367224912,0.0922608443780234,18.97437090153105,0.4704545454545439,3.750375,106.83310227272727,wtc1f05,wtc1f05,3,-0.5387,-0.6812
4,track3,1.98908333333333,True,248,0.4777585572322414,125.58644757216484,0.1594437522366194,33.373290718289084,0.5297727272727144,3.4047803030303063,121.41114393939397,wtc2f06,wtc2f06,1,-1.0934,-0.9258
5,track19,1.03791666666667,True,176,0.3937558441558441,152.37869073062618,0.2600367559216208,66.04010068195996,0.4172727272727243,1.25708333333333,70.16435606060604,wtc1p03,wtc1p03,2,-1.3369,-1.2469
6,track18,0.9896041666666668,True,274,0.5228496503496503,114.75574280268836,0.062085404549082,11.874427860392204,0.5215909090909037,3.7067594696969697,146.4447140151515,wtc2p01,wtc2p01,1,-0.2781,-0.1693
7,track8,1.97,True,225,0.560445413961039,107.05770536320436,0.0749123792340132,13.3665790401527,0.5625,5.2484090909090915,130.7881818181818,wtc1f03,wtc1p03,3,-0.6684,-0.6974
8,track21,1.95889583333333,True,250,0.5358680175246441,111.96786902334706,0.175790939829624,32.80489487722405,0.5543181818181893,3.764285984848488,137.19542234848484,wtc1f05,wtc1f05,3,-0.539,-0.6812
9,track22,2.03095833333333,True,139,0.6198320158102767,96.80042087139508,0.0549342158447726,8.862758690023414,0.612613636363637,5.794950757575762,91.33176893939394,wtc2f07,wtc2f07,2,-0.8852,-0.9718
10,track17,1.99295833333333,True,71,1.587038961038961,37.80625521677223,0.2539652359594129,16.002457544782246,1.520795454545457,4.002268939393943,115.09499621212122,wtc2f07,wtc2f07,2,-0.7004,-0.9718
11,track6,0.986625,True,89,1.645730888429752,36.457965528767616,0.4839765913666295,29.408003141291715,1.7048863636363478,6.720647727272728,151.5449659090909,wtc1p04,wtc1p04,2,-0.2648,-0.5101
12,track9,1.972,True,104,1.3282744924977938,45.1713861396007,0.1420084994241511,10.691201270989325,1.3193181818181827,7.973000000000001,144.78527272727274,wtc1f03,wtc1p03,3,-0.6237,-0.6974
13,track7,1.050375,True,135,1.0664297829036635,56.26249469199241,0.1208485406455772,11.3320672943447,1.0442045454545408,7.078261363636364,149.9798522727273,wtc2p24,wtc2p24,1,-0.5012,-0.3163
14,track14,0.988395833333333,True,42,1.5172782705099777,39.5444930347768,0.0951141996263988,6.268738007724164,1.5034090909090896,5.1091041666666674,67.31751325757575,wtc1p17,wtc1p17,1,-0.9336,-0.9849
15,track10,0.9642708333333329,True,92,0.8251273726273727,72.71604601959555,0.1093368870827282,13.250910187911646,0.7997727272727246,5.6016382575757575,80.68822916666667,wtc1p03,wtc1p03,3,-1.2481,-1.2469
16,track2,0.9949583333333328,True,36,1.203896103896104,49.838187702265365,0.1679210576310913,13.94813531563542,1.2190909090909052,5.626178030303031,47.76254166666667,wtc1p15,wtc1p15,3,-0.3972,-0.2511
17,track11,1.08329166666667,True,34,1.2880785123966942,46.581011500890234,0.0685156149941592,5.319211083389162,1.2927272727272694,6.339662878787874,48.84625378787879,wtc1p15,wtc1p15,3,-0.2187,-0.2511
18,track13,1.01952083333333,True,33,1.300525568181818,46.135194469019304,0.3720135790947129,28.604864694417465,1.289659090909092,5.759115530303033,47.37593371212121,wtc1p15,wtc1p15,2,-0.417,-0.2511
19,track5,0.9955208333333329,True,124,1.139517738359202,52.6538534506662,0.2158247199363642,18.940005290933996,1.0861363636363637,8.609933712121213,148.77061553030305,wtc2p01,wtc2p01,1,-0.3205,-0.1693
20,track24,1.09241666666667,True,209,0.3452491258741259,173.78755079564013,0.1820095721346964,52.71832960441881,0.2781818181818201,1.9000833333333305,73.71190151515151,wtc1p17,wtc1p17,1,-1.0328,-0.9849
21,track23,0.974604166666667,True,105,0.6784615384615384,88.43537414965986,0.1534447205552458,22.616568789321953,0.6678409090909074,1.193577651515151,71.75357765151516,wtc1p03,wtc1p03,3,-1.1204,-1.2469
22,track20,1.0476875,True,134,0.9510133287764868,63.09059840117297,0.4142653199520657,43.560411554382014,0.9204545454545467,3.090267045454546,129.57503977272728,wtc2p24,wtc2p24,1,-0.44,-0.3163
23,track15,0.99075,True,283,0.2538104448742746,236.3968907178784,0.1338667448876877,52.742803769954705,0.2168181818181835,2.498795454545455,74.0733409090909,wtc1p03,wtc1p03,2,-1.0295,-1.2469
24,track8,1.97,True,400,0.3251555023923445,184.52709413971968,0.192221094886166,59.11666678616593,0.2822727272727263,0.5602272727272724,130.2972727272727,wtc1f03,wtc1p03,3,-0.6684,-0.6974
25,track6,0.986625,True,270,0.5524856370395405,108.60010826979364,0.4442417325720955,80.40783375881713,0.3886363636363512,3.795647727272727,152.4142840909091,wtc1p04,wtc1p04,2,-0.2648,-0.5101
26,track11,1.08329166666667,True,129,0.3786967329545455,158.43812417362926,0.1394995263558158,36.83673879820869,0.3477272727272718,1.0521628787878756,49.5253446969697,wtc1p15,wtc1p15,3,-0.2187,-0.2511
27,track7,1.050375,True,222,0.6381447963800904,94.02254839395876,0.4672997468169877,73.22785509930817,0.5134090909090787,3.9855340909090904,145.01553409090909,wtc2p24,wtc2p24,1,-0.5012,-0.3163
28,track22,2.03095833333333,True,138,0.6169956867949569,97.24541238152854,0.0769674920415252,12.474559172583565,0.6115909090909071,2.75745075757576,87.28585984848485,wtc2f07,wtc2f07,2,-0.8852,-0.9718
29,track9,1.972,True,229,0.6644677033492823,90.29784246482866,0.4936325061644883,74.28991712859921,0.6381818181818204,-0.2272272727272724,151.2714090909091,wtc1f03,wtc1p03,3,-0.6237,-0.6974
30,track1,1.06510416666667,True,125,0.3742357038123167,160.32676569547905,0.1399423850749303,37.394183304624775,0.3528409090909088,3.408304924242421,49.81353219696969,wtc1p15,wtc1p15,2,-0.2186,-0.2511
31,track3,1.98908333333333,True,204,0.5750044782803404,104.34701339968925,0.1706992542288817,29.68659561389681,0.5379545454545447,3.398643939393942,120.12455303030303,wtc2f06,wtc2f06,1,-1.0934,-0.9258
32,track13,1.01952083333333,True,131,0.3512202797202797,170.8329600095571,0.0935503983318397,26.63581909516885,0.3374999999999986,3.695251893939397,49.353888257575754,wtc1p15,wtc1p15,2,-0.417,-0.2511
33,track16,1.222125,True,159,0.6406803797468353,93.65044083870492,0.5375532964690483,83.90350531437568,0.4817045454545425,2.5149204545454547,103.74242045454544,wtc1f05,wtc1f05,3,-0.5387,-0.6812
34,track20,1.0476875,True,242,0.513646737080347,116.8118001509168,0.1955383378891118,38.068642078908965,0.4704545454545439,4.9618579545454535,128.7507215909091,wtc2p24,wtc2p24,1,-0.44,-0.3163
35,track18,0.9896041666666668,True,221,0.6242076446280991,96.12186027575456,0.251118446567271,40.22995372267294,0.5338636363636358,4.357214015151515,141.68289583333333,wtc2p01,wtc2p01,1,-0.2781,-0.1693
36,track24,1.09241666666667,True,113,0.6267491883116882,95.73207451871713,0.4032386269821544,64.33811714513463,0.5440909090909116,3.102810606060603,73.2987196969697,wtc1p17,wtc1p17,1,-1.0328,-0.9849
37,track4,1.97366666666667,True,173,0.6564600951374207,91.3993103989662,0.1963032139214794,29.90329730253995,0.6443181818181891,4.391787878787876,117.30292424242424,wtc2f06,wtc2f06,1,-0.9994,-0.9258
38,track10,0.9642708333333329,True,256,0.3035935828877006,197.63263580638335,0.147179208117372,48.47902472688749,0.2495454545454549,3.535729166666667,80.95209280303031,wtc1p03,wtc1p03,3,-1.2481,-1.2469
39,track19,1.03791666666667,True,139,0.4640662055335968,129.29189689865535,0.2099454596800883,45.240411212164645,0.5676136363636353,3.447765151515148,67.4889015151515,wtc1p03,wtc1p03,2,-1.3369,-1.2469
40,track2,0.9949583333333328,True,109,0.406344696969697,147.657888604055,0.0308161824732471,7.583754064728256,0.4029545454545413,6.824814393939393,50.71004166666667,wtc1p15,wtc1p15,3,-0.3972,-0.2511
41,track23,0.974604166666667,True,149,0.4758584152334153,126.0879246415536,0.0472949603786179,9.938872333574066,0.4806818181818144,4.70357765151515,75.13062310606061,wtc1p03,wtc1p03,3,-1.1204,-1.2469
42,track17,1.99295833333333,True,148,0.7639703153988869,78.5370829083491,0.0395871699407491,5.18176807957254,0.7568181818181756,3.728178030303034,116.0318143939394,wtc2f07,wtc2f07,2,-0.7004,-0.9718
43,track14,0.988395833333333,True,129,0.5079438920454545,118.1232827869712,0.1432016292761032,28.192410917560252,0.4970454545454537,2.5931950757575764,67.61001325757576,wtc1p17,wtc1p17,1,-0.9336,-0.9849
44,track5,0.9955208333333329,True,202,0.7217503392130258,83.13123907281033,0.2555020338066346,35.40033442661436,0.5665909090909107,4.25720643939394,149.3290246212121,wtc2p01,wtc2p01,1,-0.3205,-0.1693
45,track15,0.99075,True,141,0.5072873376623376,118.27616332094892,0.0596284239328656,11.754368679424,0.5011363636363555,2.9140227272727275,73.93424999999999,wtc1p03,wtc1p03,2,-1.0295,-1.2469
46,track21,1.95889583333333,True,126,1.0376181818181818,57.824738474478266,0.2263209590815548,21.81158378364001,1.088181818181809,5.372013257575761,135.07428598484847,wtc1f05,wtc1f05,3,-0.539,-0.6812
47,track5,0.9955208333333329,True,256,0.5737700534759358,104.57150845798968,0.0380545207400413,6.632364395719967,0.570681818181825,7.200615530303032,153.51197916666666,wtc2p01,wtc2p01,1,-0.3205,-0.1693
48,track9,1.972,True,284,0.5101276903308706,117.61761052626606,0.0985266305890609,19.31411143848243,0.505227272727268,5.148227272727272,149.51436363636364,wtc1f03,wtc1p03,3,-0.6237,-0.6974
49,track1,1.06510416666667,True,64,0.7251623376623376,82.74009402283413,0.2128860968927249,29.35702612176373,0.654545454545449,4.4146685606060565,50.09989583333333,wtc1p15,wtc1p15,2,-0.2186,-0.2511
50,track10,0.9642708333333329,True,138,0.5308178500331786,113.03312425580586,0.1541265542606324,29.03567659810212,0.4459090909090903,11.523229166666669,84.24527462121213,wtc1p03,wtc1p03,3,-1.2481,-1.2469
51,track13,1.01952083333333,True,88,0.5072492163009404,118.28505214368482,0.1592742941638079,31.39961365052436,0.6197727272727249,5.714115530303032,49.84479734848485,wtc1p15,wtc1p15,2,-0.417,-0.2511
52,track4,1.97366666666667,True,201,0.5461568181818182,109.8585571077238,0.2244208451151678,41.09091704874718,0.5175000000000001,3.8476969696969663,113.0790606060606,wtc2f06,wtc2f06,1,-0.9994,-0.9258
53,track6,0.986625,True,217,0.7016856060606059,85.50838079300388,0.5182211606712723,73.853753902786,0.6136363636363704,3.6013295454545453,155.16542045454543,wtc1p04,wtc1p04,2,-0.2648,-0.5101
54,track17,1.99295833333333,True,112,0.8604176904176902,69.73357320311833,0.5180172164447715,60.2053191390451,0.7568181818181756,14.718405303030304,110.22476893939393,wtc2f07,wtc2f07,2,-0.7004,-0.9718
55,track11,1.08329166666667,True,230,0.20367903930131,294.58112236694,0.0772866563311378,37.94531661002426,0.1943181818181791,2.398071969696966,49.04057196969697,wtc1p15,wtc1p15,3,-0.2187,-0.2511
56,track19,1.03791666666667,True,120,0.5254067990832696,114.19722794735064,0.1909416585553572,36.34168017781887,0.6115909090909071,5.075946969696966,67.59935606060604,wtc1p03,wtc1p03,2,-1.3369,-1.2469
57,track12,0.9890625,True,226,0.6848636363636363,87.60868122386672,0.2393236016841042,34.94470854881724,0.6361363636363677,3.8402556818181814,157.93457386363636,wtc1p04,wtc1p04,2,-0.3545,-0.5101
58,track14,0.988395833333333,True,127,0.5408766233766235,110.93102827300557,0.1396755056239658,25.823912439030845,0.5052272727272724,2.204558712121212,70.35501325757576,wtc1p17,wtc1p17,1,-0.9336,-0.9849
59,track7,1.050375,True,271,0.5371818181818181,111.69402606193944,0.0940991297817917,17.517184423755445,0.5154545454545456,5.591215909090908,150.6303068181818,wtc2p24,wtc2p24,1,-0.5012,-0.3163
60,track12,0.9890625,True,241,0.6348153409090909,94.5156742968383,0.0762310198321364,12.00837706961672,0.629999999999999,5.337528409090909,157.69321022727271,wtc1p04,wtc1p04,2,-0.3545,-0.5101
61,track23,0.974604166666667,True,300,0.2299460322286409,260.9307906663097,0.1387420631356685,60.33679372110843,0.2106818181818184,2.502668560606061,71.25653219696969,wtc1p03,wtc1p03,3,-1.1204,-1.2469
62,track24,1.09241666666667,True,136,0.5486515151515153,109.35903454751316,0.0331688186651158,6.045516643831004,0.5502272727272697,4.362810606060602,78.43076515151516,wtc1p17,wtc1p17,1,-1.0328,-0.9849
63,track2,0.9949583333333328,True,179,0.2563827885597549,234.02506984596533,0.0275767368189848,10.756079600311232,0.2536363636363603,2.8648143939393944,48.50095075757576,wtc1p15,wtc1p15,3,-0.3972,-0.2511
64,track7,1.050375,True,537,0.2660044945725915,225.56009851038905,0.2009361260942167,75.53862066017912,0.2475000000000013,2.5803068181818176,145.15871590909092,wtc2p24,wtc2p24,1,-0.5012,-0.3163
65,track16,1.222125,True,215,0.4831860662701784,124.17576620773328,0.2207871174880867,45.69401580479999,0.5215909090909108,3.478329545454545,106.88014772727271,wtc1f05,wtc1f05,3,-0.5387,-0.6812
66,track15,0.99075,True,133,0.5159039256198347,116.30072387588984,0.0834344108643086,16.17247063279584,0.5103409090909103,7.684022727272728,75.78334090909091,wtc1p03,wtc1p03,2,-1.0295,-1.2469
67,track3,1.98908333333333,True,421,0.296215909090909,202.5549545402233,0.2600896534593302,87.80407988806176,0.2679545454545433,-0.7986287878787846,123.61205303030304,wtc2f06,wtc2f06,1,-1.0934,-0.9258
68,track20,1.0476875,True,491,0.2573724489795919,233.1251858459708,0.1234501249670555,47.965555542755226,0.2352272727272719,2.4091306818181826,128.52163068181818,wtc2p24,wtc2p24,1,-0.44,-0.3163
69,track21,1.95889583333333,True,187,0.6702712609970674,89.51599671862184,0.5495948161885347,81.99587960417406,0.5982954545454575,14.648149621212127,139.31860416666666,wtc1f05,wtc1f05,3,-0.539,-0.6812
70,track22,2.03095833333333,True,156,0.575208211143695,104.31005475513138,0.3753191023222323,65.24926018979802,0.6013636363636436,-0.0877765151515113,89.06949621212121,wtc2f07,wtc2f07,2,-0.8852,-0.9718
71,track8,1.97,True,218,0.5721899874319228,104.86027598855632,0.0345738597099151,6.04237411861888,0.5686363636363652,2.746818181818182,126.91204545454544,wtc1f03,wtc1p03,3,-0.6684,-0.6974
72,track18,0.9896041666666668,True,515,0.2708754863813229,221.50398620986857,0.0662465685531109,24.45646501206567,0.2597727272727326,2.33016856060606,141.56016856060606,wtc2p01,wtc2p01,1,-0.2781,-0.1693
73,track6,0.986625,True,255,0.5854026485325697,102.49355746920884,0.0400916675453408,6.848562719324676,0.5819318181818147,3.781329545454546,152.47360227272728,wtc1p04,wtc1p04,2,-0.2648,-0.5101
74,track4,1.97366666666667,True,205,0.578562834224599,103.70524418564348,0.141283091351401,24.419662479832706,0.5757954545454638,0.090196969696966,118.11701515151516,wtc2f06,wtc2f06,1,-0.9994,-0.9258
75,track21,1.95889583333333,True,344,0.3780870659952292,158.69360630484277,0.3259278868853406,86.20445294191929,0.2740909090909156,2.404058712121216,132.08792234848482,wtc1f05,wtc1f05,3,-0.539,-0.6812
76,track7,1.050375,True,278,0.5130620282244831,116.9449241988102,0.0468402400303178,9.129547199666,0.5093181818181876,2.880988636363637,144.99917045454546,wtc2p24,wtc2p24,1,-0.5012,-0.3163
77,track23,0.974604166666667,True,101,0.748575,80.15228934976456,0.2989608865907373,39.9373324771382,0.7087500000000091,1.1485776515151516,76.00607765151516,wtc1p03,wtc1p03,3,-1.1204,-1.2469
78,track15,0.99075,True,298,0.2284504132231404,262.6390521841368,0.136294601550397,59.66047494835143,0.2065909090909059,2.629704545454546,70.47947727272727,wtc1p03,wtc1p03,2,-1.0295,-1.2469
79,track19,1.03791666666667,True,162,0.4075663466967815,147.2152950955943,0.1620493983800477,39.76025000430375,0.4152272727272716,2.602992424242421,68.22117424242424,wtc1p03,wtc1p03,2,-1.3369,-1.2469
80,track16,1.222125,True,301,0.3347113636363636,179.2589272982828,0.2598277831988736,77.62741616420145,0.2352272727272719,2.6683295454545455,103.08173863636364,wtc1f05,wtc1f05,3,-0.5387,-0.6812
81,track1,1.06510416666667,True,78,0.6831818181818182,87.82435129740519,0.1189061237613214,17.404755307711717,0.6668181818181829,2.078759469696966,54.683759469696966,wtc1p15,wtc1p15,2,-0.2186,-0.2511
82,track5,0.9955208333333329,True,392,0.3747942338990933,160.0878417359909,0.1349107230616313,35.9959441366309,0.292500000000004,2.819251893939394,149.36379734848484,wtc2p01,wtc2p01,1,-0.3205,-0.1693
83,track3,1.98908333333333,True,427,0.265654609475032,225.85717642380752,0.1181582827729069,44.47816019695765,0.2393181818181773,4.357962121212126,117.52682575757576,wtc2f06,wtc2f06,1,-1.0934,-0.9258
84,track12,0.9890625,True,57,2.7863474025974027,21.533567545837485,1.8799398208479063,67.46968519056335,2.5762499999999804,1.9993465909090904,158.03480113636363,wtc1p04,wtc1p04,2,-0.3545,-0.5101
85,track17,1.99295833333333,True,67,1.5491838842975203,38.73006981815272,0.2883225428430716,18.61125369076582,1.5197727272727306,8.033859848484852,110.2799962121212,wtc2f07,wtc2f07,2,-0.7004,-0.9718
86,track11,1.08329166666667,True,37,1.285284090909091,46.68228637107112,0.078222682143807,6.0860227475841215,1.2917045454545444,3.672390151515148,49.94261742424243,wtc1p15,wtc1p15,3,-0.2187,-0.2511
87,track9,1.972,True,200,0.6911375057103699,86.81340471941306,0.1939134305665237,28.057141880502375,0.6565909090909088,6.565727272727273,144.1020909090909,wtc1f03,wtc1p03,3,-0.6237,-0.6974
88,track6,0.986625,True,129,1.1160511363636365,53.76097747231768,0.2943310780347597,26.37254409271616,1.201704545454554,7.827238636363637,150.68178409090908,wtc1p04,wtc1p04,2,-0.2648,-0.5101
89,track10,0.9642708333333329,True,99,0.763538961038961,78.58145171578008,0.1461847700921719,19.145685754300704,0.7435227272727296,4.891865530303031,79.71868371212122,wtc1p03,wtc1p03,3,-1.2481,-1.2469
90,track14,0.988395833333333,True,135,0.4999304613297151,120.01669160229204,0.2149937412792166,43.004729239217845,0.4970454545454528,4.119104166666667,71.1097859848485,wtc1p17,wtc1p17,1,-0.9336,-0.9849
91,track24,1.09241666666667,True,55,1.2052272727272728,49.7831416179521,0.7853651589361033,65.16324154853581,1.08511363636363,8.187810606060602,73.27008333333333,wtc1p17,wtc1p17,1,-1.0328,-0.9849
92,track13,1.01952083333333,True,38,1.1812223587223587,50.794839394081215,0.2763499265156247,23.39525022321217,1.274318181818181,4.501160984848488,48.20638825757576,wtc1p15,wtc1p15,2,-0.417,-0.2511
93,track20,1.0476875,True,122,1.0482870022539443,57.23623384721237,0.5893945195340601,56.224537580528064,0.9368181818181788,4.364585227272728,131.2073125,wtc2p24,wtc2p24,1,-0.44,-0.3163
94,track22,2.03095833333333,True,66,1.343171328671329,44.670399612648275,0.7262437849911009,54.06933348625782,1.2190909090909088,5.449268939393942,92.75540530303032,wtc2f07,wtc2f07,2,-0.8852,-0.9718
95,track8,1.97,True,107,1.1735313036020585,51.12773712625722,0.3134401672787379,26.70914412906234,1.1382954545454602,5.857954545454546,130.25227272727273,wtc1f03,wtc1p03,3,-0.6684,-0.6974
96,track21,1.95889583333333,True,97,1.2968607954545452,46.26556698320903,0.2740743552185265,21.13367573290427,1.238522727272727,8.462695075757578,132.96133143939392,wtc1f05,wtc1f05,3,-0.539,-0.6812
97,track2,0.9949583333333328,True,149,0.3468151105651105,173.0028426449882,0.3653075254807705,105.33206724629956,0.2986363636363638,1.0300416666666663,52.35867803030303,wtc1p15,wtc1p15,3,-0.3972,-0.2511
98,track18,0.9896041666666668,True,128,1.1268682891911237,53.244909432200416,0.4317538333172142,38.314489586634046,1.0411363636363689,2.6594867424242414,145.77175946969697,wtc2p01,wtc2p01,1,-0.2781,-0.1693
99,track8,1.97,True,229,0.5557894736842105,107.95454545454544,0.1814233052063937,32.6424507473625,0.5604545454545455,4.58159090909091,131.30159090909092,wtc1f03,wtc1p03,3,-0.6684,-0.6974
100,track9,1.972,True,439,0.3188900996264009,188.15259573844915,0.0743578639612997,23.317708529808375,0.3231818181818227,5.913227272727273,145.5870909090909,wtc1f03,wtc1p03,3,-0.6237,-0.6974
101,track12,0.9890625,True,204,0.7605564263322886,78.88961018887754,0.5052571367255877,66.43256426905002,0.6402272727272731,2.8216193181818188,157.2145738636364,wtc1p04,wtc1p04,2,-0.3545,-0.5101
102,track15,0.99075,True,148,0.4646799628942485,129.12112591705346,0.1537900066709829,33.09589802691412,0.4459090909090903,3.2944772727272724,71.60243181818181,wtc1p03,wtc1p03,2,-1.0295,-1.2469
103,track4,1.97366666666667,True,209,0.5319755244755245,112.78714384304445,0.090640771554104,17.038522898862116,0.5215909090909179,3.684060606060603,114.3349696969697,wtc2f06,wtc2f06,1,-0.9994,-0.9258
104,track10,0.9642708333333329,True,311,0.253966275659824,236.2518403048411,0.0641215985769874,25.248076111835932,0.2393181818181786,2.854592803030304,81.58413825757576,wtc1p03,wtc1p03,3,-1.2481,-1.2469
105,track17,1.99295833333333,True,137,0.7798295454545453,76.93989071038253,0.1011204022134091,12.96698782481604,0.7690909090909077,4.071814393939398,110.12863257575756,wtc2f07,wtc2f07,2,-0.7004,-0.9718
106,track20,1.0476875,True,255,0.4887186828919113,122.77001493980136,0.189795145900482,38.83525482950661,0.4643181818181805,4.002539772727273,128.1370852272727,wtc2p24,wtc2p24,1,-0.44,-0.3163
107,track13,1.01952083333333,True,153,0.2969946172248803,202.02386346473344,0.0589886764263535,19.86186718720497,0.3119318181818187,3.505024621212124,48.64820643939394,wtc1p15,wtc1p15,2,-0.417,-0.2511
108,track3,1.98908333333333,True,197,0.5801681354359927,103.41829606844983,0.3070505162509629,52.92440199602076,0.5359090909090973,3.398643939393943,117.11159848484849,wtc2f06,wtc2f06,1,-1.0934,-0.9258
109,track22,2.03095833333333,True,141,0.5934448051948052,101.10460058758842,0.1098292313937633,18.50706762151379,0.6126136363636405,8.728132575757577,91.81040530303032,wtc2f07,wtc2f07,2,-0.8852,-0.9718
110,track24,1.09241666666667,True,137,0.5252306149732621,114.23553442910868,0.0911672554229392,17.357566909457532,0.5461363636363714,5.403946969696966,76.83531060606062,wtc1p17,wtc1p17,1,-1.0328,-0.9849
111,track23,0.974604166666667,True,159,0.4518901035673188,132.77564506579574,0.0522463434373027,11.561736587028289,0.4438636363636377,3.339259469696969,74.73789583333334,wtc1p03,wtc1p03,3,-1.1204,-1.2469
112,track5,0.9955208333333329,True,355,0.4105296610169492,146.15265520978477,0.1790451913122919,43.61321685472559,0.3109090909090994,7.241524621212121,152.56902462121212,wtc2p01,wtc2p01,1,-0.3205,-0.1693
113,track19,1.03791666666667,True,309,0.2182792207792208,274.8772869254796,0.0476330086865281,21.822053659751084,0.2106818181818182,2.778901515151512,70.00890151515152,wtc1p03,wtc1p03,2,-1.3369,-1.2469
114,track18,0.9896041666666668,True,262,0.5553996865203761,108.03030944418578,0.1853199807640922,33.36695811355907,0.5215909090909108,0.9597140151515148,145.91903219696968,wtc2p01,wtc2p01,1,-0.2781,-0.1693
115,track14,0.988395833333333,True,177,0.3810240185950413,157.47038788063648,0.1383870869361467,36.319780429177314,0.4602272727272769,4.117058712121214,71.1772859848485,wtc1p17,wtc1p17,1,-0.9336,-0.9849
116,track2,0.9949583333333328,True,135,0.3236244911804613,185.4000597456095,0.1005002336276345,31.05458219835191,0.3068181818181799,7.006859848484849,50.37254166666667,wtc1p15,wtc1p15,3,-0.3972,-0.2511
117,track6,0.986625,True,249,0.618057184750733,97.07839578662684,0.1456563597376695,23.566809565754635,0.5972727272727347,1.7031477272727271,154.9813295454545,wtc1p04,wtc1p04,2,-0.2648,-0.5101
118,track7,1.050375,True,332,0.4297926393847843,139.60220464893365,0.1826204067030988,42.49035231606248,0.4929545454545376,6.024852272727272,148.28621590909088,wtc2p24,wtc2p24,1,-0.5012,-0.3163
119,track12,0.9890625,True,240,0.6431456827691139,93.29146040701902,0.081081820763943,12.607069119214012,0.6320454545454766,3.4209375,157.1327556818182,wtc1p04,wtc1p04,2,-0.3545,-0.5101
120,track16,1.222125,True,211,0.4881818181818182,122.90502793296088,0.0817139669040974,16.738428974768553,0.4776136363636354,3.869011363636364,106.3871931818182,wtc1f05,wtc1f05,3,-0.5387,-0.6812
121,track1,1.06510416666667,True,115,0.4492643540669856,133.55165941131835,0.0931270432509419,20.728785270388187,0.439772727272727,1.7842140151515125,53.00035037878787,wtc1p15,wtc1p15,2,-0.2186,-0.2511
122,track11,1.08329166666667,True,108,0.4564804587935429,131.44045674721164,0.0404603794009509,8.863551247710781,0.45409090909091,1.7005719696969666,50.54398106060606,wtc1p15,wtc1p15,3,-0.2187,-0.2511
123,track21,1.95889583333333,True,223,0.6193120393120393,96.8816948345632,0.0936792212380763,15.126336207211407,0.6156818181818196,0.0661041666666695,137.55337689393937,wtc1f05,wtc1f05,3,-0.539,-0.6812
124,track19,1.03791666666667,True,165,0.4299445676274945,139.55287382996826,0.0973608518737585,22.64497779586142,0.4213636363636404,1.1486742424242395,71.65958333333333,wtc1p03,wtc1p03,2,-1.3369,-1.2469
125,track15,0.99075,True,163,0.4434722222222222,135.29595991230818,0.036007834149923,8.119524142795054,0.4397727272727252,1.6847045454545453,73.52720454545454,wtc1p03,wtc1p03,2,-1.0295,-1.2469
126,track20,1.0476875,True,273,0.4812007018716577,124.68809743341303,0.063771868959488,13.252655017219148,0.4684090909090912,1.1307215909090906,132.0173125,wtc2p24,wtc2p24,1,-0.44,-0.3163
127,track10,0.9642708333333329,True,289,0.271903409090909,220.66659701180657,0.1063296824231709,39.105681969445385,0.2444318181818232,2.53345643939394,80.84163825757575,wtc1p03,wtc1p03,3,-1.2481,-1.2469
128,track12,0.9890625,True,152,1.017430764599639,58.972071700240086,0.6408551207629625,62.987590218499065,0.6811363636363978,3.4659375,157.09798295454547,wtc1p04,wtc1p04,2,-0.3545,-0.5101
129,track10,0.9642708333333329,True,196,0.4142727272727273,144.83212639894666,0.2636391233333239,63.63902472386576,0.2761363636363683,2.388229166666667,83.17141098484849,wtc1p03,wtc1p03,3,-1.2481,-1.2469
130,track22,2.03095833333333,True,125,0.7107294721407625,84.42030667347474,0.3263045305216356,45.91121422596781,0.6269318181818164,-0.4498219696969663,87.68063257575758,wtc2f07,wtc2f07,2,-0.8852,-0.9718
131,track8,1.97,True,194,0.642230334432407,93.42442544858466,0.3301958166191776,51.413924088621485,0.6074999999999999,3.0720454545454556,127.0225,wtc1f03,wtc1p03,3,-0.6684,-0.6974
132,track3,1.98908333333333,True,200,0.5801690269529466,103.41813715068622,0.1650320099330484,28.44550506251568,0.5440909090908974,2.251143939393942,117.7047803030303,wtc2f06,wtc2f06,1,-1.0934,-0.9258
133,track6,0.986625,True,203,0.7599066156615661,78.95707020232305,0.4118088598741578,54.192035098370816,0.5952272727272927,2.8117840909090908,156.31292045454543,wtc1p04,wtc1p04,2,-0.2648,-0.5101
134,track16,1.222125,True,142,0.7532785299806577,79.65181219427646,0.3786168078099158,50.2625247821198,0.8713636363636255,2.7685568181818185,108.98082954545454,wtc1f05,wtc1f05,3,-0.5387,-0.6812
135,track15,0.99075,True,152,0.4651986754966887,128.97715139867606,0.1716166854101942,36.89105202781596,0.441818181818185,2.367886363636363,72.61288636363636,wtc1p03,wtc1p03,2,-1.0295,-1.2469
136,track7,1.050375,True,137,1.0531233288770054,56.97338417522362,0.1807714482309182,17.165268613286084,1.0073863636363605,3.543715909090909,146.76848863636366,wtc2p24,wtc2p24,1,-0.5012,-0.3163
137,track21,1.95889583333333,True,247,0.5599972283813747,107.14338742965748,0.330602318148404,59.036420430862215,0.3998863636363623,0.1990587121212157,137.9583768939394,wtc1f05,wtc1f05,3,-0.539,-0.6812
138,track14,0.988395833333333,True,211,0.3338474025974027,179.72283005105757,0.1764821319069498,52.86311366626843,0.2515909090909094,1.584785984848485,71.69274053030304,wtc1p17,wtc1p17,1,-0.9336,-0.9849
139,track17,1.99295833333333,True,292,0.3939432989690721,152.30618253189402,0.2132562951192553,54.13375368418127,0.3743181818181966,0.7990871212121244,115.43658712121211,wtc2f07,wtc2f07,2,-0.7004,-0.9718
140,track9,1.972,True,456,0.3292642357642357,182.2244674121304,0.0989205390752486,30.04290424851336,0.3231818181818191,0.4620909090909091,150.27731818181817,wtc1f03,wtc1p03,3,-0.6237,-0.6974
141,track24,1.09241666666667,True,255,0.2984914101646385,201.01080954693427,0.1010856777845886,33.865523208467856,0.2740909090909085,1.1453106060606024,76.9621287878788,wtc1p17,wtc1p17,1,-1.0328,-0.9849
142,track2,0.9949583333333328,True,149,0.3326351351351351,180.37781840341253,0.115373466355122,34.68469027129406,0.3047727272727316,1.3307234848484857,50.56072348484849,wtc1p15,wtc1p15,3,-0.3972,-0.2511
143,track11,1.08329166666667,True,146,0.3400673981191223,176.43561344561053,0.0830226609275233,24.41359018439083,0.3252272727272718,1.5594356060606025,50.86920833333333,wtc1p15,wtc1p15,3,-0.2187,-0.2511
144,track1,1.06510416666667,True,150,0.3491687004270897,171.8367079483651,0.3734764802072778,106.96161475826894,0.3313636363636369,1.1337594696969666,53.15989583333333,wtc1p15,wtc1p15,2,-0.2186,-0.2511
145,track20,1.0476875,True,495,0.2645882407066617,226.7674475621143,0.104876638865155,39.637679507241415,0.2331818181818192,1.2145852272727276,131.92117613636364,wtc2p24,wtc2p24,1,-0.44,-0.3163
146,track18,0.9896041666666668,True,470,0.3055272339600697,196.38183877199495,0.1157109778081589,37.87255764678627,0.2638636363636308,2.6922140151515155,145.98448674242422,wtc2p01,wtc2p01,1,-0.2781,-0.1693
147,track19,1.03791666666667,True,99,0.6379104823747681,94.05708427401323,0.0804243827664356,12.607471579246884,0.6320454545454588,3.9120833333333302,66.4273106060606,wtc1p03,wtc1p03,2,-1.3369,-1.2469
148,track4,1.97366666666667,True,108,1.0253653355989805,58.51572889866637,0.1787693556864825,17.434698587899117,1.032954545454544,3.706560606060603,113.4206515151515,wtc2f06,wtc2f06,1,-0.9994,-0.9258
149,track23,0.974604166666667,True,100,0.693202479338843,86.55479717445083,0.2355043430439066,33.97338440977938,0.6627272727272775,2.9322140151515153,71.55925946969698,wtc1p03,wtc1p03,3,-1.1204,-1.2469
150,track5,0.9955208333333329,True,261,0.5580393356643357,107.5193022523602,0.0905861418985231,16.232931284437505,0.5461363636363679,3.635388257575757,148.72561553030303,wtc2p01,wtc2p01,1,-0.3205,-0.1693
151,track13,1.01952083333333,True,69,0.6493114973262033,92.4055715124,0.0290485553546907,4.4737472652663035,0.6463636363636329,4.454115530303033,48.607297348484856,wtc1p15,wtc1p15,2,-0.417,-0.2511
152,track15,0.99075,True,106,0.6785064935064936,88.42951478610392,0.222175260212158,32.74475076339585,0.6647727272727266,3.265840909090909,74.50902272727272,wtc1p03,wtc1p03,2,-1.0295,-1.2469
153,track7,1.050375,True,133,1.102995867768595,54.39730261309357,0.4943614802466715,44.819885068725114,1.0094318181818167,4.038715909090909,149.63417045454543,wtc2p24,wtc2p24,1,-0.5012,-0.3163
154,track8,1.97,True,108,1.136144859813084,52.81016719106669,0.2266893561917291,19.95250466820081,1.1372727272727303,5.2709090909090905,126.8384090909091,wtc1f03,wtc1p03,3,-0.6684,-0.6974
155,track18,0.9896041666666668,True,141,0.990964285714286,60.547086171477986,0.2300398597045909,23.21373868068096,1.0339772727272738,2.9458503787878785,141.68085037878788,wtc2p01,wtc2p01,1,-0.2781,-0.1693
156,track24,1.09241666666667,True,64,1.110487012987013,54.030348215068855,0.1571769179607089,14.153872681314022,1.096363636363641,3.239856060606057,73.20053787878788,wtc1p17,wtc1p17,1,-1.0328,-0.9849
157,track3,1.98908333333333,True,205,0.554067513368984,108.29005229917298,0.1416135842645693,25.558904077139267,0.533863636363634,4.476598484848489,117.50637121212122,wtc2f06,wtc2f06,1,-1.0934,-0.9258
158,track13,1.01952083333333,True,131,0.3530611888111888,169.94221370530477,0.0561965657141362,15.91694796682657,0.3334090909090914,2.9486609848484875,48.84661553030303,wtc1p15,wtc1p15,2,-0.417,-0.2511
159,track14,0.988395833333333,True,132,0.5070853573907009,118.32327462331156,0.048719387677078,9.60772914599081,0.499090909090917,2.6934223484848485,69.12160416666667,wtc1p17,wtc1p17,1,-0.9336,-0.9849
160,track1,1.06510416666667,True,139,0.3407015810276679,176.1071956843296,0.0673661533505996,19.772773917691016,0.3303409090909115,2.5921685606060576,49.60898674242424,wtc1p15,wtc1p15,2,-0.2186,-0.2511
161,track20,1.0476875,True,252,0.4959371604491127,120.98306960031988,0.1357716157632589,27.376778066057067,0.4643181818181858,3.945267045454544,128.42549431818182,wtc2p24,wtc2p24,1,-0.44,-0.3163
162,track23,0.974604166666667,True,205,0.3401270053475936,176.40469311950943,0.1108274335147656,32.58413233065844,0.3640909090909101,2.881077651515151,72.26698674242425,wtc1p03,wtc1p03,3,-1.1204,-1.2469
163,track4,1.97366666666667,True,199,0.5538429752066115,108.33395508468254,0.1879349079024085,33.932886452572454,0.5195454545454581,3.8763333333333296,113.53724242424242,wtc2f06,wtc2f06,1,-0.9994,-0.9258
164,track16,1.222125,True,204,0.483654276757725,124.05555555555556,0.2500180373264168,51.69354419906378,0.4663636363636314,4.889693181818181,103.07151136363636,wtc1f05,wtc1f05,3,-0.5387,-0.6812
165,track6,0.986625,True,238,0.6269188722669735,95.70616335577309,0.17412474255615,27.774685092268037,0.6034090909090821,3.059284090909091,151.6390568181818,wtc1p04,wtc1p04,2,-0.2648,-0.5101
166,track11,1.08329166666667,True,130,0.3629016913319239,165.33403242015115,0.0703416406075881,19.38311181450266,0.3395454545454512,2.547390151515148,49.36170833333333,wtc1p15,wtc1p15,3,-0.2187,-0.2511
167,track17,1.99295833333333,True,274,0.4093981018981019,146.55661499606524,0.2623871735912134,64.09095996652201,0.3763636363636351,2.625678030303034,114.39135984848484,wtc2f07,wtc2f07,2,-0.7004,-0.9718
168,track2,0.9949583333333328,True,174,0.273298738833421,219.53998125315445,0.1341525497205205,49.086413751176565,0.2311363636363737,2.3534507575757577,49.63413257575758,wtc1p15,wtc1p15,3,-0.3972,-0.2511
169,track19,1.03791666666667,True,195,0.3374683692596064,177.79444079940845,0.251445333456832,74.50930408929707,0.2290909090909032,2.750265151515148,68.21912878787879,wtc1p03,wtc1p03,2,-1.3369,-1.2469
170,track12,0.9890625,True,337,0.4585531655844156,130.84633255891137,0.6554154722155286,142.93118473628166,0.3078409090909044,2.154801136363637,156.22866477272729,wtc1p04,wtc1p04,2,-0.3545,-0.5101
171,track1,1.06510416666667,True,223,0.2356234643734644,254.64356938959057,0.1593890242976043,67.64565011444358,0.2025000000000005,2.2751231060606023,54.5835321969697,wtc1p15,wtc1p15,2,-0.2186,-0.2511
172,track9,1.972,True,326,0.4508874125874125,133.0709137691173,0.1609056331361717,35.6864327200479,0.3886363636363796,2.918681818181818,149.4570909090909,wtc1f03,wtc1p03,3,-0.6237,-0.6974
173,track5,0.9955208333333329,True,158,0.9569991314418066,62.69598166678011,0.1489668180524689,15.566034822626936,0.9634090909090922,2.8049337121212123,153.05379734848484,wtc2p01,wtc2p01,1,-0.3205,-0.1693
174,track10,0.9642708333333329,True,221,0.3692696280991736,162.48289984977046,0.1050261466072228,28.441588101314487,0.341590909090911,2.965047348484849,84.20436553030304,wtc1p03,wtc1p03,3,-1.2481,-1.2469
175,track21,1.95889583333333,True,147,0.9307378580323784,64.46498278993688,0.1855633815377222,19.937233662119596,0.9521590909090918,2.377467803030306,138.26519507575756,wtc1f05,wtc1f05,3,-0.539,-0.6812
176,track22,2.03095833333333,True,87,1.0280073995771672,58.3653386392732,0.2165954659289642,21.0694461944586,1.0534090909090883,2.358587121212124,90.76722348484849,wtc2f07,wtc2f07,2,-0.8852,-0.9718
177,track19,1.03791666666667,True,195,0.351175023430178,170.8549754305902,0.0712684240731362,20.29427473998762,0.3579545454545423,2.5804924242424216,70.70844696969695,wtc1p03,wtc1p03,2,-1.3369,-1.2469
178,track16,1.222125,True,316,0.3463181818181817,173.25108281926765,0.2383804037171444,68.83277177814908,0.269999999999996,-0.0868977272727269,109.00332954545452,wtc1f05,wtc1f05,3,-0.5387,-0.6812
179,track3,1.98908333333333,True,623,0.2005433352820813,299.1872051773991,0.117634445027939,58.65786806750579,0.1738636363636345,-0.9479469696969663,123.79000757575758,wtc2f06,wtc2f06,1,-1.0934,-0.9258
180,track14,0.988395833333333,True,270,0.2730871916187901,219.71004807781551,0.1579340079236625,57.83281412338332,0.2413636363636371,-0.0679412878787875,73.39251325757576,wtc1p17,wtc1p17,1,-0.9336,-0.9849
181,track13,1.01952083333333,True,162,0.3172360248447205,189.13362701908957,0.1193272937554881,37.6146731172464,0.3293181818181807,1.557751893939397,52.6327518939394,wtc1p15,wtc1p15,2,-0.417,-0.2511
182,track6,0.986625,True,220,0.6878704856787048,87.22572235498589,0.3379740197083705,49.133380010468095,0.5870454545454464,5.542465909090908,156.18610227272725,wtc1p04,wtc1p04,2,-0.2648,-0.5101
183,track21,1.95889583333333,True,167,0.784813800657174,76.45125499801128,0.2918162865737013,37.182868895697965,0.6514772727272664,5.169513257575762,135.44860416666666,wtc1f05,wtc1f05,3,-0.539,-0.6812
184,track18,0.9896041666666668,True,133,1.061590909090909,56.5189466923571,0.1155495607814348,10.884565776885315,1.0452272727272651,2.557214015151515,142.6872140151515,wtc2p01,wtc2p01,1,-0.2781,-0.1693
185,track9,1.972,True,215,0.6612553101104502,90.73651142397348,0.1016326169458189,15.369648514254369,0.6504545454545472,4.080500000000001,145.58913636363636,wtc1f03,wtc1p03,3,-0.6237,-0.6974
186,track23,0.974604166666667,True,103,0.6688435828877005,89.70707282703205,0.0582050462653287,8.702340540374356,0.6627272727272775,3.2860776515151513,71.5081231060606,wtc1p03,wtc1p03,3,-1.1204,-1.2469
187,track11,1.08329166666667,True,68,0.6885549525101765,87.13901451331617,0.1956530388312153,28.41502165047948,0.6463636363636382,3.3205719696969656,49.45375378787879,wtc1p15,wtc1p15,3,-0.2187,-0.2511
188,track4,1.97366666666667,True,202,0.547123473541384,109.66445948962132,0.1467650474790476,26.82484933959727,0.5215909090909179,3.6676969696969657,113.63951515151516,wtc2f06,wtc2f06,1,-0.9994,-0.9258
189,track5,0.9955208333333329,True,132,1.129231436502429,53.13348358936777,0.4519321102527547,40.02121227270514,1.096363636363634,2.8499337121212127,150.7792518939394,wtc2p01,wtc2p01,1,-0.3205,-0.1693
190,track22,2.03095833333333,True,123,0.6738766766020866,89.03706283847102,0.2143835051766691,31.81346270324462,0.619772727272732,5.355178030303033,87.56813257575759,wtc2f07,wtc2f07,2,-0.8852,-0.9718
191,track8,1.97,True,205,0.6019451871657755,99.67684978512176,0.2301085650943191,38.22749479529393,0.5737500000000004,4.152045454545454,126.94886363636364,wtc1f03,wtc1p03,3,-0.6684,-0.6974
192,track20,1.0476875,True,255,0.4999928418038655,120.00171799166772,0.1527929567964258,30.5590288543296,0.468409090909109,2.955267045454545,129.95344886363637,wtc2p24,wtc2p24,1,-0.44,-0.3163
193,track12,0.9890625,True,234,0.6562748731954741,91.42510623308408,0.1220655976150666,18.599767048937267,0.6402272727272731,3.0609374999999996,155.97298295454544,wtc1p04,wtc1p04,2,-0.3545,-0.5101
194,track10,0.9642708333333329,True,161,0.5014176136363636,119.66073462172592,0.0372158961609448,7.422135790374217,0.5011363636363697,2.431183712121212,82.65800189393939,wtc1p03,wtc1p03,3,-1.2481,-1.2469
195,track15,0.99075,True,292,0.2358247422680412,254.4262295081967,0.1026135508054697,43.51263137980577,0.21681818181818,2.335159090909092,70.96015909090909,wtc1p03,wtc1p03,2,-1.0295,-1.2469
196,track24,1.09241666666667,True,113,0.6915827922077922,86.75750853843175,0.2748313219708276,39.739467937520935,0.5614772727272754,1.0389469696969664,78.49621969696969,wtc1p17,wtc1p17,1,-1.0328,-0.9849
197,track17,1.99295833333333,True,76,1.5313090909090907,39.1821614305051,0.3354142002465743,21.9037555669084,1.5054545454545405,0.3818143939393974,115.2299962121212,wtc2f07,wtc2f07,2,-0.7004,-0.9718
198,track2,0.9949583333333328,True,146,0.354103448275862,169.44200993280748,0.204640106430993,57.79105157755184,0.3068181818181799,0.9707234848484856,52.31572348484848,wtc1p15,wtc1p15,3,-0.3972,-0.2511
199,track7,1.050375,True,138,1.0692800265428004,56.112522922542745,0.3142464610346077,29.388602913553928,1.0206818181818136,0.9418977272727268,147.43326136363638,wtc2p24,wtc2p24,1,-0.5012,-0.3163
200,track12,0.9890625,True,81,1.910633522727273,31.403196524237107,0.5517287495253596,28.876743915694092,1.9472727272727184,1.1259375000000005,153.97661931818183,wtc1p04,wtc1p04,2,-0.3545,-0.5101
201,track19,1.03791666666667,True,307,0.2216377005347593,270.7120668335495,0.0764629061110175,34.499052249021986,0.2106818181818237,1.210037878787876,69.03117424242423,wtc1p03,wtc1p03,2,-1.3369,-1.2469
202,track14,0.988395833333333,True,135,0.5143097014925373,116.66122537816956,0.0902378947775489,17.545438967158645,0.5031818181818171,1.232967803030303,70.15046780303031,wtc1p17,wtc1p17,1,-0.9336,-0.9849
203,track5,0.9955208333333329,True,235,0.6459527972027972,92.8860440883933,0.2817705404877041,43.6209180775855,0.5440909090909116,0.7656155303030311,151.91857007575757,wtc2p01,wtc2p01,1,-0.3205,-0.1693
204,track18,0.9896041666666668,True,135,1.0730851424694707,55.91355021645638,0.163631710310312,15.248716419067126,1.0360227272727265,1.2726685606060604,145.06607765151514,wtc2p01,wtc2p01,1,-0.2781,-0.1693
205,track6,0.986625,True,69,2.236463903743316,26.828065456175743,0.6155936250964048,27.52531011415143,2.335909090909098,0.8256477272727275,152.9051931818182,wtc1p04,wtc1p04,2,-0.2648,-0.5101
206,track13,1.01952083333333,True,153,0.2990266148325359,200.65103580696936,0.1139935098599423,38.12152638111569,0.3119318181818222,3.2493428030303058,48.70138825757576,wtc1p15,wtc1p15,2,-0.417,-0.2511
207,track23,0.974604166666667,True,246,0.2802189239332097,214.11830135462597,0.1231478678699539,43.94702047293077,0.2250000000000014,2.9424412878787876,71.59607765151515,wtc1p03,wtc1p03,3,-1.1204,-1.2469
208,track24,1.09241666666667,True,217,0.3287594696969698,182.50424863899525,0.1520964060928078,46.26373385776565,0.3068181818181763,2.540310606060603,73.55235606060607,wtc1p17,wtc1p17,1,-1.0328,-0.9849
209,track2,0.9949583333333328,True,183,0.244488011988012,245.41080567558456,0.085655167892184,35.03450627116389,0.268977272727275,2.519132575757576,47.01595075757576,wtc1p15,wtc1p15,3,-0.3972,-0.2511
210,track15,0.99075,True,264,0.2584505703422053,232.15270881606537,0.1056438591133733,40.87584677158732,0.2290909090909103,2.576522727272727,70.54902272727273,wtc1p03,wtc1p03,2,-1.0295,-1.2469
211,track1,1.06510416666667,True,184,0.2662444113263785,225.3568429890848,0.1153963478762006,43.34226108308458,0.2618181818181853,2.3058049242424214,51.0285321969697,wtc1p15,wtc1p15,2,-0.2186,-0.2511
212,track17,1.99295833333333,True,288,0.3769052898321191,159.19118573985833,0.190003657605412,50.41151258185932,0.3579545454545467,3.292496212121216,111.4643143939394,wtc2f07,wtc2f07,2,-0.7004,-0.9718
213,track11,1.08329166666667,True,165,0.2735296563192905,219.3546425911571,0.0831936782152242,30.414865917907075,0.3006818181818183,3.5742083333333294,48.43307196969697,wtc1p15,wtc1p15,3,-0.2187,-0.2511
214,track22,2.03095833333333,True,147,0.5823100871731008,103.03788534950118,0.1454875648929162,24.984551718690685,0.6095454545454544,2.3176780303030338,87.33495075757575,wtc2f07,wtc2f07,2,-0.8852,-0.9718
215,track9,1.972,True,241,0.5953806818181818,100.7758596009047,0.1733498598259419,29.11580189275938,0.6422727272727267,2.6711818181818177,145.56254545454547,wtc1f03,wtc1p03,3,-0.6237,-0.6974
216,track7,1.050375,True,267,0.5334714627477787,112.47087087087084,0.2311496907018724,43.32934502462004,0.5072727272727278,2.655988636363636,144.55939772727274,wtc2p24,wtc2p24,1,-0.5012,-0.3163
217,track21,1.95889583333333,True,203,0.637321107110711,94.14406541783843,0.1471149958615813,23.08333965722957,0.6054545454545384,2.872467803030306,131.61133143939392,wtc1f05,wtc1f05,3,-0.539,-0.6812
218,track4,1.97366666666667,True,208,0.5414624505928853,110.81100810278124,0.0708752791937048,13.089601895034177,0.5277272727272759,2.604060606060602,114.68678787878788,wtc2f06,wtc2f06,1,-0.9994,-0.9258
219,track3,1.98908333333333,True,214,0.5412580025608195,110.85286446782465,0.047086218433797,8.69940365057349,0.5359090909090867,2.742053030303034,118.03000757575758,wtc2f06,wtc2f06,1,-1.0934,-0.9258
220,track10,0.9642708333333329,True,157,0.4992220279720279,120.1870042548721,0.0469737829286962,9.409397081197762,0.4919318181818184,2.580501893939394,80.45913825757576,wtc1p03,wtc1p03,3,-1.2481,-1.2469
221,track16,1.222125,True,207,0.4867387466902029,123.26941384468928,0.07416133396651,15.23637361331989,0.4765909090909019,2.406511363636364,102.67469318181816,wtc1f05,wtc1f05,3,-0.5387,-0.6812
222,track20,1.0476875,True,260,0.4881686556686557,122.90834182669232,0.0921516389273741,18.877008561959386,0.4684090909091054,2.482767045454545,128.91844886363637,wtc2p24,wtc2p24,1,-0.44,-0.3163
223,track8,1.97,True,217,0.5754450757575759,104.2671186663814,0.0443280837450116,7.703269280157363,0.5686363636363607,2.810227272727273,127.10636363636364,wtc1f03,wtc1p03,3,-0.6684,-0.6974
224,track7,1.050375,True,243,0.6063589406461307,98.95129102254934,0.2604941768362129,42.960391836332555,0.5134090909090858,2.3614431818181822,149.10030681818182,wtc2p24,wtc2p24,1,-0.5012,-0.3163
225,track15,0.99075,True,109,0.6540719696969696,91.7330244679311,0.093111543454113,14.23567248987164,0.6657954545454636,2.4251590909090917,73.0649318181818,wtc1p03,wtc1p03,2,-1.0295,-1.2469
226,track11,1.08329166666667,True,68,0.7439348710990503,80.65222149266796,0.3685153473685639,49.53596903236148,0.6749999999999998,2.2548901515151485,52.09852651515152,wtc1p15,wtc1p15,3,-0.2187,-0.2511
227,track12,0.9890625,True,115,1.3727153110047847,43.70899014456382,4.8255436938139304,351.53273625845867,0.6913636363636364,2.3695738636363632,158.85911931818185,wtc1p04,wtc1p04,2,-0.3545,-0.5101
228,track9,1.972,True,190,0.7651948051948052,78.41140529531567,0.7650185640626124,99.97696780858986,0.6545454545454561,2.0452727272727276,146.66709090909092,wtc1f03,wtc1p03,3,-0.6237,-0.6974
229,track14,0.988395833333333,True,92,0.7533341658341659,79.64592968322641,0.1268436537855801,16.837634550283045,0.7506818181818247,2.7343314393939395,71.28774053030304,wtc1p17,wtc1p17,1,-0.9336,-0.9849
230,track1,1.06510416666667,True,71,0.7250844155844155,82.74898578759303,0.1900509966305381,26.21087869849716,0.6606818181818159,2.2648958333333304,53.02080492424242,wtc1p15,wtc1p15,2,-0.2186,-0.2511
231,track10,0.9642708333333329,True,107,0.7502572898799316,79.97256515775032,0.0498574224096529,6.645376603755754,0.7455681818181787,4.049138257575757,83.5764109848485,wtc1p03,wtc1p03,3,-1.2481,-1.2469
232,track20,1.0476875,True,234,0.5471985953960203,109.64940426533188,0.4847811004375295,88.59326477011187,0.4724999999999966,3.9289034090909096,131.42617613636364,wtc2p24,wtc2p24,1,-0.44,-0.3163
233,track5,0.9955208333333329,True,142,1.0405851063829783,57.65986811838676,0.3577525210504008,34.37993863797749,1.0779545454545314,2.714933712121213,149.4374337121212,wtc2p01,wtc2p01,1,-0.3205,-0.1693
234,track19,1.03791666666667,True,106,0.645487012987013,92.95307077108797,0.0486627888453703,7.538926092437026,0.6402272727272731,2.287992424242421,70.06412878787879,wtc1p03,wtc1p03,2,-1.3369,-1.2469
235,track16,1.222125,True,190,0.547034632034632,109.68226961579552,0.0520090180038911,9.507445225259254,0.5502272727272768,3.627647727272727,107.01719318181816,wtc1f05,wtc1f05,3,-0.5387,-0.6812
236,track8,1.97,True,227,0.5757773531777957,104.20694678047272,0.080300987776156,13.946534599348812,0.5747727272727303,0.7484090909090908,130.8740909090909,wtc1f03,wtc1p03,3,-0.6684,-0.6974
237,track21,1.95889583333333,True,243,0.575169984973704,104.31698726897775,0.1479791309975437,25.727895207241936,0.5665909090909143,-0.2938958333333299,138.89724053030304,wtc1f05,wtc1f05,3,-0.539,-0.6812
238,track4,1.97366666666667,True,212,0.5513905644118914,108.81579024478866,0.1397912862400822,25.352498802583323,0.5359090909090902,1.211106060606057,117.55451515151512,wtc2f06,wtc2f06,1,-0.9994,-0.9258
239,track3,1.98908333333333,True,223,0.5368857493857494,111.75562038784966,0.0568892241555483,10.596150898144584,0.539999999999992,2.5661439393939434,121.7547803030303,wtc2f06,wtc2f06,1,-1.0934,-0.9258
240,track22,2.03095833333333,True,144,0.6178560076287348,97.11000501601266,0.0718641643962742,11.63121560832292,0.6156818181818124,3.784268939393943,92.13767803030302,wtc2f07,wtc2f07,2,-0.8852,-0.9718
241,track17,1.99295833333333,True,141,0.7940892857142858,75.55825406462928,0.1976172075436867,24.886018625214092,0.7619318181818269,4.063632575757579,115.23613257575758,wtc2f07,wtc2f07,2,-0.7004,-0.9718
242,track23,0.974604166666667,True,114,0.6373853580048271,94.13457533416636,0.0898788986871296,14.101186599025857,0.6463636363636382,2.422895833333333,74.44744128787879,wtc1p03,wtc1p03,3,-1.1204,-1.2469
243,track18,0.9896041666666668,True,270,0.5444026698208854,110.21253811951487,0.1627527702311019,29.895659821919946,0.5338636363636198,-0.0016496212121213,146.44266856060605,wtc2p01,wtc2p01,1,-0.2781,-0.1693
244,track6,0.986625,True,174,0.8829387808723066,67.95488124411357,0.1923162982231534,21.781385345103203,0.8386363636363683,1.4290568181818184,154.17746590909087,wtc1p04,wtc1p04,2,-0.2648,-0.5101
245,track13,1.01952083333333,True,138,0.3551028533510286,168.96513062002464,0.0881754477462967,24.83096007655363,0.3456818181818164,2.5272973484848515,51.176388257575766,wtc1p15,wtc1p15,2,-0.417,-0.2511
246,track24,1.09241666666667,True,229,0.3173415071770335,189.07076018432136,0.1321206637810458,41.63359056189912,0.2873863636363687,2.5484924242424207,74.90235606060607,wtc1p17,wtc1p17,1,-1.0328,-0.9849
247,track2,0.9949583333333328,True,231,0.2019930830039525,297.03987437444044,0.0661747646567116,32.76090630064631,0.1922727272727247,2.4577689393939397,48.91617803030303,wtc1p15,wtc1p15,3,-0.3972,-0.2511
248,track21,1.95889583333333,True,356,0.3706997439180536,161.85606001730477,0.2924651889800235,78.89543863420512,0.2475000000000022,2.8867859848484883,134.48519507575756,wtc1f05,wtc1f05,3,-0.539,-0.6812
249,track14,0.988395833333333,True,284,0.2318230003212335,258.81814969549583,0.1653591810571445,71.3299287939544,0.2045454545454603,2.425467803030303,68.0313768939394,wtc1p17,wtc1p17,1,-0.9336,-0.9849
250,track11,1.08329166666667,True,196,0.2450664335664336,244.83157128793388,0.0567894452599047,23.173081859254314,0.2250000000000014,2.860344696969694,50.64829924242424,wtc1p15,wtc1p15,3,-0.2187,-0.2511
251,track23,0.974604166666667,True,292,0.2424953139643861,247.42746166555548,0.1733574658444256,71.48899622443244,0.2045454545454532,2.3738049242424237,72.9399412878788,wtc1p03,wtc1p03,3,-1.1204,-1.2469
252,track4,1.97366666666667,True,350,0.3207026569419119,187.08918900808376,0.2235471486581103,69.70542457919234,0.2290909090909139,2.8474696969696938,114.77269696969697,wtc2f06,wtc2f06,1,-0.9994,-0.9258
253,track3,1.98908333333333,True,405,0.280085508550855,214.22029404675828,0.243802386989999,87.0456983838319,0.2168181818181906,4.300689393939396,117.45523484848484,wtc2f06,wtc2f06,1,-1.0934,-0.9258
254,track10,0.9642708333333329,True,103,0.7542312834224599,79.55119512908458,0.0945156508325963,12.53138830356049,0.7557954545454519,4.008229166666667,80.93982007575758,wtc1p03,wtc1p03,3,-1.2481,-1.2469
255,track19,1.03791666666667,True,102,0.6322074707470747,94.90555359793277,0.0405884191518917,6.420110648792035,0.6320454545454517,3.8507196969696937,67.70367424242424,wtc1p03,wtc1p03,2,-1.3369,-1.2469
256,track9,1.972,True,402,0.354623668102471,169.19344476089103,0.134545346335917,37.94031770520157,0.327272727272728,4.109136363636363,146.31322727272726,wtc1f03,wtc1p03,3,-0.6237,-0.6974
257,track20,1.0476875,True,259,0.4876427061310782,123.0409052480978,0.2082575035652734,42.706986272300334,0.4643181818181716,3.018676136363636,128.83049431818182,wtc2p24,wtc2p24,1,-0.44,-0.3163
258,track8,1.97,True,404,0.3056711030904579,196.28940843074744,0.0833312390039074,27.261732679797035,0.2884090909090915,3.5977272727272736,126.78318181818182,wtc1f03,wtc1p03,3,-0.6684,-0.6974
259,track1,1.06510416666667,True,96,0.5267583732057416,113.90421690850876,0.2473094519412496,46.94931576240088,0.5093181818181804,2.761941287878785,52.80398674242424,wtc1p15,wtc1p15,2,-0.2186,-0.2511
260,track2,0.9949583333333328,True,73,0.6112784090909091,98.15494725101082,0.0639505850880992,10.461777176656108,0.6054545454545437,2.960950757575758,46.97299621212122,wtc1p15,wtc1p15,3,-0.3972,-0.2511
261,track24,1.09241666666667,True,87,0.8258403805496831,72.65326498089586,0.0621678736843545,7.527831666813789,0.8181818181818228,2.861446969696966,73.8837196969697,wtc1p17,wtc1p17,1,-1.0328,-0.9849
262,track13,1.01952083333333,True,72,0.6411491677336748,93.58196659926608,0.0683655736734598,10.662974720082309,0.6422727272727284,2.7768428030303065,48.298433712121216,wtc1p15,wtc1p15,2,-0.417,-0.2511
263,track5,0.9955208333333329,True,156,0.9523372434017596,63.0028914816765,0.224163332307304,23.5382301658801,0.9224999999999994,1.3403882575757575,148.9526609848485,wtc2p01,wtc2p01,1,-0.3205,-0.1693
264,track17,1.99295833333333,True,66,1.6881293706293707,35.542299686208715,0.5573999595361782,33.018794011525756,1.679318181818175,-0.557049242424239,109.17135984848484,wtc2f07,wtc2f07,2,-0.7004,-0.9718
265,track12,0.9890625,True,107,1.4054202401372216,42.69185705916812,0.4536534860787242,32.27884963677702,1.5013636363636422,4.893664772727272,153.86821022727275,wtc1p04,wtc1p04,2,-0.3545,-0.5101
266,track6,0.986625,True,143,1.0216325224071705,58.729532081288895,0.3429048636942759,33.56440365527162,0.8642045454545482,3.867238636363636,148.93905681818185,wtc1p04,wtc1p04,2,-0.2648,-0.5101
267,track3,1.98908333333333,True,385,0.2960422585227273,202.6737679255807,0.1298898800832771,43.87545235313268,0.2802272727272736,3.605234848484853,117.28546212121212,wtc2f06,wtc2f06,1,-1.0934,-0.9258
268,track7,1.050375,True,215,0.6650403568394224,90.22008872536335,0.3510786473084594,52.79057784958293,0.5256818181818179,4.480534090909092,146.79917045454548,wtc2p24,wtc2p24,1,-0.5012,-0.3163
269,track15,0.99075,True,173,0.4214944503171247,142.35062870900697,0.2456198753659045,58.27357280294074,0.4223863636363667,0.1403863636363636,72.63743181818181,wtc1p03,wtc1p03,2,-1.0295,-1.2469
270,track22,2.03095833333333,True,96,0.9092368421052632,65.989406963619,0.3557219372813713,39.123132808578944,0.6586363636363473,3.170632575757578,89.54813257575758,wtc2f07,wtc2f07,2,-0.8852,-0.9718
271,track16,1.222125,True,152,0.6927453341360624,86.61191500456266,0.5384084785311755,77.72098230046345,0.4990909090909241,4.431511363636364,109.0360568181818,wtc1f05,wtc1f05,3,-0.5387,-0.6812
272,track21,1.95889583333333,True,125,1.0365505865102638,57.884295065618474,0.3640777705377254,35.12397516106373,1.1382954545454569,3.2201950757575797,131.7524678030303,wtc1f05,wtc1f05,3,-0.539,-0.6812
273,track14,0.988395833333333,True,114,0.6179082864038616,97.1017889227404,0.445244304969385,72.05669753364914,0.5052272727272715,3.04933143939394,72.8729678030303,wtc1p17,wtc1p17,1,-0.9336,-0.9849
274,track17,1.99295833333333,True,122,0.8663091660405711,69.25933875804111,0.3035156435657194,35.035487960138376,0.7568181818181827,5.43204166666667,110.25545075757576,wtc2f07,wtc2f07,2,-0.7004,-0.9718
275,track10,0.9642708333333329,True,259,0.3037737843551797,197.51539826704249,0.1358324296066994,44.7149940522454,0.2495454545454549,2.911865530303031,81.2855018939394,wtc1p03,wtc1p03,3,-1.2481,-1.2469
276,track2,0.9949583333333328,True,140,0.3161919555264879,189.7581483377546,0.0473505099044677,14.975241803867176,0.3170454545454504,2.8545871212121217,46.80526893939394,wtc1p15,wtc1p15,3,-0.3972,-0.2511
