stim_name,wtc_code,peak_index,filtered_kde_peak_s
track1,wtc1p15,1,1.815
track1,wtc1p15,2,2.265
track1,wtc1p15,3,2.735
track1,wtc1p15,4,3.47
track1,wtc1p15,5,3.825
track1,wtc1p15,6,4.38
track1,wtc1p15,7,4.86
track1,wtc1p15,8,5.235
track1,wtc1p15,9,5.64
track1,wtc1p15,10,6.045
track1,wtc1p15,11,6.8950000000000005
track1,wtc1p15,12,7.3100000000000005
track1,wtc1p15,13,7.76
track1,wtc1p15,14,8.6
track1,wtc1p15,15,9.005
track1,wtc1p15,16,9.545
track1,wtc1p15,17,10.040000000000001
track1,wtc1p15,18,10.73
track1,wtc1p15,19,11.305
track1,wtc1p15,20,11.67
track1,wtc1p15,21,11.955
track1,wtc1p15,22,12.35
track1,wtc1p15,23,12.735
track1,wtc1p15,24,12.99
track1,wtc1p15,25,13.3
track1,wtc1p15,26,13.67
track1,wtc1p15,27,14.030000000000001
track1,wtc1p15,28,14.34
track1,wtc1p15,29,14.66
track1,wtc1p15,30,15.025
track1,wtc1p15,31,15.42
track1,wtc1p15,32,15.71
track1,wtc1p15,33,16.34
track1,wtc1p15,34,16.7
track1,wtc1p15,35,17.0
track1,wtc1p15,36,17.645
track1,wtc1p15,37,18.295
track1,wtc1p15,38,18.625
track1,wtc1p15,39,18.985
track1,wtc1p15,40,19.285
track1,wtc1p15,41,19.59
track1,wtc1p15,42,19.91
track1,wtc1p15,43,20.225
track1,wtc1p15,44,20.51
track1,wtc1p15,45,20.93
track1,wtc1p15,46,21.57
track1,wtc1p15,47,22.165
track1,wtc1p15,48,22.43
track1,wtc1p15,49,22.84
track1,wtc1p15,50,23.105
track1,wtc1p15,51,23.475
track1,wtc1p15,52,23.795
track1,wtc1p15,53,24.225
track1,wtc1p15,54,24.535
track1,wtc1p15,55,24.855
track1,wtc1p15,56,25.18
track1,wtc1p15,57,25.535
track1,wtc1p15,58,25.89
track1,wtc1p15,59,26.22
track1,wtc1p15,60,26.515
track1,wtc1p15,61,26.865000000000002
track1,wtc1p15,62,27.245
track1,wtc1p15,63,27.845
track1,wtc1p15,64,28.21
track1,wtc1p15,65,28.585
track1,wtc1p15,66,29.150000000000002
track1,wtc1p15,67,29.560000000000002
track1,wtc1p15,68,29.875
track10,wtc1p03,1,2.8850000000000002
track10,wtc1p03,2,3.315
track10,wtc1p03,3,3.87
track10,wtc1p03,4,4.335
track10,wtc1p03,5,4.845
track10,wtc1p03,6,5.33
track10,wtc1p03,7,5.585
track10,wtc1p03,8,5.845
track10,wtc1p03,9,6.305
track10,wtc1p03,10,6.995
track10,wtc1p03,11,7.235
track10,wtc1p03,12,7.72
track10,wtc1p03,13,8.415000000000001
track10,wtc1p03,14,9.14
track10,wtc1p03,15,9.94
track10,wtc1p03,16,10.69
track10,wtc1p03,17,11.68
track10,wtc1p03,18,12.185
track10,wtc1p03,19,13.120000000000001
track10,wtc1p03,20,13.63
track10,wtc1p03,21,14.040000000000001
track10,wtc1p03,22,14.325000000000001
track10,wtc1p03,23,14.74
track10,wtc1p03,24,15.055
track10,wtc1p03,25,15.530000000000001
track10,wtc1p03,26,15.775
track10,wtc1p03,27,16.51
track10,wtc1p03,28,17.055
track10,wtc1p03,29,18.005
track10,wtc1p03,30,18.455000000000002
track10,wtc1p03,31,18.885
track10,wtc1p03,32,19.41
track10,wtc1p03,33,20.295
track10,wtc1p03,34,20.855
track10,wtc1p03,35,21.335
track10,wtc1p03,36,21.580000000000002
track10,wtc1p03,37,21.875
track10,wtc1p03,38,22.330000000000002
track10,wtc1p03,39,22.835
track10,wtc1p03,40,23.12
track10,wtc1p03,41,23.855
track10,wtc1p03,42,24.585
track10,wtc1p03,43,24.835
track10,wtc1p03,44,25.310000000000002
track10,wtc1p03,45,26.02
track10,wtc1p03,46,26.735
track10,wtc1p03,47,27.43
track10,wtc1p03,48,27.705000000000002
track10,wtc1p03,49,28.145
track10,wtc1p03,50,28.835
track10,wtc1p03,51,29.125
track10,wtc1p03,52,29.575
track11,wtc1p15,1,1.6300000000000001
track11,wtc1p15,2,2.48
track11,wtc1p15,3,2.8850000000000002
track11,wtc1p15,4,3.345
track11,wtc1p15,5,3.8000000000000003
track11,wtc1p15,6,4.305
track11,wtc1p15,7,4.825
track11,wtc1p15,8,5.23
track11,wtc1p15,9,5.6850000000000005
track11,wtc1p15,10,6.3
track11,wtc1p15,11,6.59
track11,wtc1p15,12,6.995
track11,wtc1p15,13,7.445
track11,wtc1p15,14,8.075
track11,wtc1p15,15,8.925
track11,wtc1p15,16,9.6
track11,wtc1p15,17,9.965
track11,wtc1p15,18,10.725
track11,wtc1p15,19,11.165000000000001
track11,wtc1p15,20,12.025
track11,wtc1p15,21,12.34
track11,wtc1p15,22,12.655000000000001
track11,wtc1p15,23,12.995000000000001
track11,wtc1p15,24,13.32
track11,wtc1p15,25,13.615
track11,wtc1p15,26,13.985
track11,wtc1p15,27,14.280000000000001
track11,wtc1p15,28,14.635
track11,wtc1p15,29,14.975
track11,wtc1p15,30,15.27
track11,wtc1p15,31,15.645
track11,wtc1p15,32,15.94
track11,wtc1p15,33,16.61
track11,wtc1p15,34,17.27
track11,wtc1p15,35,17.965
track11,wtc1p15,36,18.275000000000002
track11,wtc1p15,37,18.665
track11,wtc1p15,38,19.195
track11,wtc1p15,39,19.53
track11,wtc1p15,40,19.86
track11,wtc1p15,41,20.21
track11,wtc1p15,42,20.525000000000002
track11,wtc1p15,43,20.81
track11,wtc1p15,44,21.495
track11,wtc1p15,45,21.805
track11,wtc1p15,46,22.09
track11,wtc1p15,47,22.405
track11,wtc1p15,48,22.765
track11,wtc1p15,49,23.080000000000002
track11,wtc1p15,50,23.7
track11,wtc1p15,51,24.045
track11,wtc1p15,52,24.325
track11,wtc1p15,53,24.68
track11,wtc1p15,54,24.98
track11,wtc1p15,55,25.285
track11,wtc1p15,56,25.595
track11,wtc1p15,57,25.92
track11,wtc1p15,58,26.265
track11,wtc1p15,59,26.555
track11,wtc1p15,60,26.855
track11,wtc1p15,61,27.17
track11,wtc1p15,62,27.490000000000002
track11,wtc1p15,63,27.810000000000002
track11,wtc1p15,64,28.18
track11,wtc1p15,65,28.48
track11,wtc1p15,66,28.805
track11,wtc1p15,67,29.465
track11,wtc1p15,68,29.79
track12,wtc1p04,1,1.125
track12,wtc1p04,2,2.015
track12,wtc1p04,3,3.4
track12,wtc1p04,4,3.71
track12,wtc1p04,5,4.025
track12,wtc1p04,6,4.585
track12,wtc1p04,7,4.905
track12,wtc1p04,8,5.505
track12,wtc1p04,9,6.45
track12,wtc1p04,10,6.795
track12,wtc1p04,11,7.4
track12,wtc1p04,12,8.025
track12,wtc1p04,13,8.295
track12,wtc1p04,14,8.615
track12,wtc1p04,15,9.175
track12,wtc1p04,16,9.49
track12,wtc1p04,17,9.83
track12,wtc1p04,18,10.105
track12,wtc1p04,19,10.46
track12,wtc1p04,20,11.005
track12,wtc1p04,21,11.595
track12,wtc1p04,22,11.885
track12,wtc1p04,23,12.200000000000001
track12,wtc1p04,24,12.825000000000001
track12,wtc1p04,25,13.095
track12,wtc1p04,26,13.565
track12,wtc1p04,27,14.175
track12,wtc1p04,28,14.755
track12,wtc1p04,29,15.290000000000001
track12,wtc1p04,30,15.925
track12,wtc1p04,31,16.505
track12,wtc1p04,32,16.89
track12,wtc1p04,33,17.21
track12,wtc1p04,34,17.8
track12,wtc1p04,35,18.325
track12,wtc1p04,36,18.990000000000002
track12,wtc1p04,37,19.46
track12,wtc1p04,38,20.225
track12,wtc1p04,39,20.845
track12,wtc1p04,40,21.44
track12,wtc1p04,41,22.055
track12,wtc1p04,42,22.650000000000002
track12,wtc1p04,43,23.365000000000002
track12,wtc1p04,44,24.135
track12,wtc1p04,45,24.725
track12,wtc1p04,46,25.310000000000002
track12,wtc1p04,47,25.94
track12,wtc1p04,48,26.52
track12,wtc1p04,49,27.21
track12,wtc1p04,50,27.895
track12,wtc1p04,51,28.59
track12,wtc1p04,52,29.185000000000002
track12,wtc1p04,53,29.815
track13,wtc1p15,1,1.56
track13,wtc1p15,2,2.84
track13,wtc1p15,3,4.14
track13,wtc1p15,4,4.46
track13,wtc1p15,5,4.775
track13,wtc1p15,6,5.14
track13,wtc1p15,7,5.7250000000000005
track13,wtc1p15,8,6.425
track13,wtc1p15,9,6.88
track13,wtc1p15,10,7.71
track13,wtc1p15,11,8.33
track13,wtc1p15,12,8.945
track13,wtc1p15,13,9.63
track13,wtc1p15,14,10.3
track13,wtc1p15,15,10.625
track13,wtc1p15,16,10.965
track13,wtc1p15,17,11.595
track13,wtc1p15,18,12.26
track13,wtc1p15,19,12.91
track13,wtc1p15,20,13.25
track13,wtc1p15,21,13.59
track13,wtc1p15,22,13.9
track13,wtc1p15,23,14.235
track13,wtc1p15,24,14.58
track13,wtc1p15,25,14.9
track13,wtc1p15,26,15.24
track13,wtc1p15,27,15.545
track13,wtc1p15,28,15.915000000000001
track13,wtc1p15,29,16.215
track13,wtc1p15,30,16.85
track13,wtc1p15,31,17.575
track13,wtc1p15,32,18.035
track13,wtc1p15,33,18.43
track13,wtc1p15,34,18.77
track13,wtc1p15,35,19.07
track13,wtc1p15,36,19.41
track13,wtc1p15,37,20.015
track13,wtc1p15,38,20.375
track13,wtc1p15,39,20.695
track13,wtc1p15,40,21.05
track13,wtc1p15,41,21.34
track13,wtc1p15,42,21.665
track13,wtc1p15,43,22.0
track13,wtc1p15,44,22.64
track13,wtc1p15,45,23.315
track13,wtc1p15,46,23.67
track13,wtc1p15,47,23.945
track13,wtc1p15,48,24.26
track13,wtc1p15,49,24.545
track13,wtc1p15,50,24.865000000000002
track13,wtc1p15,51,25.215
track13,wtc1p15,52,25.52
track13,wtc1p15,53,25.89
track13,wtc1p15,54,26.2
track13,wtc1p15,55,26.53
track13,wtc1p15,56,27.14
track13,wtc1p15,57,27.400000000000002
track13,wtc1p15,58,27.75
track13,wtc1p15,59,28.060000000000002
track13,wtc1p15,60,28.385
track13,wtc1p15,61,28.98
track13,wtc1p15,62,29.62
track14,wtc1p17,1,0.48
track14,wtc1p17,2,1.7850000000000001
track14,wtc1p17,3,2.68
track14,wtc1p17,4,3.545
track14,wtc1p17,5,4.1
track14,wtc1p17,6,4.595
track14,wtc1p17,7,5.095
track14,wtc1p17,8,5.55
track14,wtc1p17,9,6.095
track14,wtc1p17,10,6.61
track14,wtc1p17,11,7.13
track14,wtc1p17,12,7.605
track14,wtc1p17,13,8.085
track14,wtc1p17,14,8.575000000000001
track14,wtc1p17,15,9.055
track14,wtc1p17,16,9.575000000000001
track14,wtc1p17,17,10.055
track14,wtc1p17,18,10.55
track14,wtc1p17,19,11.065
track14,wtc1p17,20,11.575000000000001
track14,wtc1p17,21,12.08
track14,wtc1p17,22,12.575000000000001
track14,wtc1p17,23,13.055
track14,wtc1p17,24,13.585
track14,wtc1p17,25,14.105
track14,wtc1p17,26,14.615
track14,wtc1p17,27,15.11
track14,wtc1p17,28,15.585
track14,wtc1p17,29,16.09
track14,wtc1p17,30,16.580000000000002
track14,wtc1p17,31,17.07
track14,wtc1p17,32,17.545
track14,wtc1p17,33,18.065
track14,wtc1p17,34,18.54
track14,wtc1p17,35,19.03
track14,wtc1p17,36,19.52
track14,wtc1p17,37,20.015
track14,wtc1p17,38,20.485
track14,wtc1p17,39,20.98
track14,wtc1p17,40,21.5
track14,wtc1p17,41,22.02
track14,wtc1p17,42,22.5
track14,wtc1p17,43,22.985
track14,wtc1p17,44,23.490000000000002
track14,wtc1p17,45,23.985
track14,wtc1p17,46,24.505
track14,wtc1p17,47,24.98
track14,wtc1p17,48,25.48
track14,wtc1p17,49,25.97
track14,wtc1p17,50,26.485
track14,wtc1p17,51,26.955000000000002
track14,wtc1p17,52,27.47
track14,wtc1p17,53,27.985
track14,wtc1p17,54,28.495
track14,wtc1p17,55,29.01
track14,wtc1p17,56,29.495
track15,wtc1p03,1,2.4050000000000002
track15,wtc1p03,2,2.85
track15,wtc1p03,3,3.3000000000000003
track15,wtc1p03,4,3.745
track15,wtc1p03,5,4.19
track15,wtc1p03,6,4.63
track15,wtc1p03,7,5.11
track15,wtc1p03,8,5.525
track15,wtc1p03,9,5.99
track15,wtc1p03,10,6.565
track15,wtc1p03,11,7.07
track15,wtc1p03,12,7.69
track15,wtc1p03,13,8.09
track15,wtc1p03,14,8.55
track15,wtc1p03,15,8.94
track15,wtc1p03,16,9.405
track15,wtc1p03,17,9.865
track15,wtc1p03,18,10.305
track15,wtc1p03,19,10.725
track15,wtc1p03,20,11.155
track15,wtc1p03,21,11.71
track15,wtc1p03,22,12.485
track15,wtc1p03,23,13.07
track15,wtc1p03,24,13.66
track15,wtc1p03,25,14.215
track15,wtc1p03,26,14.665000000000001
track15,wtc1p03,27,15.135
track15,wtc1p03,28,15.715
track15,wtc1p03,29,16.385
track15,wtc1p03,30,17.05
track15,wtc1p03,31,17.66
track15,wtc1p03,32,18.22
track15,wtc1p03,33,18.95
track15,wtc1p03,34,19.64
track15,wtc1p03,35,20.315
track15,wtc1p03,36,20.935
track15,wtc1p03,37,21.595
track15,wtc1p03,38,22.2
track15,wtc1p03,39,22.86
track15,wtc1p03,40,23.32
track15,wtc1p03,41,23.785
track15,wtc1p03,42,24.21
track15,wtc1p03,43,24.64
track15,wtc1p03,44,25.535
track15,wtc1p03,45,25.955000000000002
track15,wtc1p03,46,26.43
track15,wtc1p03,47,26.88
track15,wtc1p03,48,27.330000000000002
track15,wtc1p03,49,27.79
track15,wtc1p03,50,28.205000000000002
track15,wtc1p03,51,28.6
track15,wtc1p03,52,29.060000000000002
track15,wtc1p03,53,29.505
track15,wtc1p03,54,29.93
track16,wtc1f05,1,0.275
track16,wtc1f05,2,1.02
track16,wtc1f05,3,2.81
track16,wtc1f05,4,3.235
track16,wtc1f05,5,3.845
track16,wtc1f05,6,4.235
track16,wtc1f05,7,4.91
track16,wtc1f05,8,5.4
track16,wtc1f05,9,5.9
track16,wtc1f05,10,6.335
track16,wtc1f05,11,6.775
track16,wtc1f05,12,7.195
track16,wtc1f05,13,7.6850000000000005
track16,wtc1f05,14,8.185
track16,wtc1f05,15,8.700000000000001
track16,wtc1f05,16,9.245000000000001
track16,wtc1f05,17,9.72
track16,wtc1f05,18,10.235
track16,wtc1f05,19,10.705
track16,wtc1f05,20,11.24
track16,wtc1f05,21,11.67
track16,wtc1f05,22,12.15
track16,wtc1f05,23,12.525
track16,wtc1f05,24,13.065
track16,wtc1f05,25,13.540000000000001
track16,wtc1f05,26,13.995000000000001
track16,wtc1f05,27,14.395
track16,wtc1f05,28,14.83
track16,wtc1f05,29,15.285
track16,wtc1f05,30,15.765
track16,wtc1f05,31,16.245
track16,wtc1f05,32,16.73
track16,wtc1f05,33,17.185
track16,wtc1f05,34,17.650000000000002
track16,wtc1f05,35,18.080000000000002
track16,wtc1f05,36,18.525000000000002
track16,wtc1f05,37,19.0
track16,wtc1f05,38,19.490000000000002
track16,wtc1f05,39,19.955000000000002
track16,wtc1f05,40,20.455000000000002
track16,wtc1f05,41,20.93
track16,wtc1f05,42,21.400000000000002
track16,wtc1f05,43,21.835
track16,wtc1f05,44,22.295
track16,wtc1f05,45,22.735
track16,wtc1f05,46,23.215
track16,wtc1f05,47,23.650000000000002
track16,wtc1f05,48,24.125
track16,wtc1f05,49,24.575
track16,wtc1f05,50,25.395
track16,wtc1f05,51,25.85
track16,wtc1f05,52,26.355
track16,wtc1f05,53,26.875
track16,wtc1f05,54,27.39
track16,wtc1f05,55,27.86
track16,wtc1f05,56,28.325
track16,wtc1f05,57,28.810000000000002
track16,wtc1f05,58,29.25
track16,wtc1f05,59,29.7
track17,wtc2f07,1,0.38
track17,wtc2f07,2,0.8
track17,wtc2f07,3,1.715
track17,wtc2f07,4,2.45
track17,wtc2f07,5,3.275
track17,wtc2f07,6,4.105
track17,wtc2f07,7,4.83
track17,wtc2f07,8,5.285
track17,wtc2f07,9,6.15
track17,wtc2f07,10,6.6850000000000005
track17,wtc2f07,11,7.425
track17,wtc2f07,12,8.21
track17,wtc2f07,13,8.790000000000001
track17,wtc2f07,14,9.22
track17,wtc2f07,15,9.665000000000001
track17,wtc2f07,16,10.48
track17,wtc2f07,17,11.375
track17,wtc2f07,18,12.16
track17,wtc2f07,19,12.525
track17,wtc2f07,20,12.935
track17,wtc2f07,21,13.88
track17,wtc2f07,22,14.355
track17,wtc2f07,23,14.81
track17,wtc2f07,24,15.200000000000001
track17,wtc2f07,25,15.58
track17,wtc2f07,26,16.0
track17,wtc2f07,27,16.45
track17,wtc2f07,28,16.895
track17,wtc2f07,29,17.240000000000002
track17,wtc2f07,30,17.63
track17,wtc2f07,31,18.055
track17,wtc2f07,32,18.45
track17,wtc2f07,33,18.785
track17,wtc2f07,34,19.165
track17,wtc2f07,35,19.56
track17,wtc2f07,36,19.935
track17,wtc2f07,37,20.355
track17,wtc2f07,38,21.14
track17,wtc2f07,39,21.565
track17,wtc2f07,40,21.945
track17,wtc2f07,41,22.31
track17,wtc2f07,42,22.75
track17,wtc2f07,43,23.105
track17,wtc2f07,44,23.465
track17,wtc2f07,45,23.955000000000002
track17,wtc2f07,46,24.36
track17,wtc2f07,47,24.810000000000002
track17,wtc2f07,48,25.145
track17,wtc2f07,49,25.51
track17,wtc2f07,50,25.895
track17,wtc2f07,51,26.255
track17,wtc2f07,52,26.595
track17,wtc2f07,53,27.400000000000002
track17,wtc2f07,54,27.8
track17,wtc2f07,55,28.145
track17,wtc2f07,56,28.54
track17,wtc2f07,57,28.94
track17,wtc2f07,58,29.330000000000002
track17,wtc2f07,59,29.675
track18,wtc2p01,1,0.96
track18,wtc2p01,2,2.69
track18,wtc2p01,3,2.95
track18,wtc2p01,4,3.6350000000000002
track18,wtc2p01,5,4.36
track18,wtc2p01,6,4.605
track18,wtc2p01,7,5.465
track18,wtc2p01,8,6.01
track18,wtc2p01,9,6.5200000000000005
track18,wtc2p01,10,6.95
track18,wtc2p01,11,7.455
track18,wtc2p01,12,7.91
track18,wtc2p01,13,8.425
track18,wtc2p01,14,8.925
track18,wtc2p01,15,9.450000000000001
track18,wtc2p01,16,9.71
track18,wtc2p01,17,9.96
track18,wtc2p01,18,10.47
track18,wtc2p01,19,10.815
track18,wtc2p01,20,11.115
track18,wtc2p01,21,12.155000000000001
track18,wtc2p01,22,12.450000000000001
track18,wtc2p01,23,13.085
track18,wtc2p01,24,13.605
track18,wtc2p01,25,14.145
track18,wtc2p01,26,14.66
track18,wtc2p01,27,15.18
track18,wtc2p01,28,15.755
track18,wtc2p01,29,16.245
track18,wtc2p01,30,16.8
track18,wtc2p01,31,17.275000000000002
track18,wtc2p01,32,17.79
track18,wtc2p01,33,18.325
track18,wtc2p01,34,18.830000000000002
track18,wtc2p01,35,19.345
track18,wtc2p01,36,19.91
track18,wtc2p01,37,20.405
track18,wtc2p01,38,20.92
track18,wtc2p01,39,21.44
track18,wtc2p01,40,21.995
track18,wtc2p01,41,22.495
track18,wtc2p01,42,23.03
track18,wtc2p01,43,23.53
track18,wtc2p01,44,24.05
track18,wtc2p01,45,24.53
track18,wtc2p01,46,25.04
track18,wtc2p01,47,25.560000000000002
track18,wtc2p01,48,26.085
track18,wtc2p01,49,26.615000000000002
track18,wtc2p01,50,27.12
track18,wtc2p01,51,27.67
track18,wtc2p01,52,28.225
track18,wtc2p01,53,28.72
track18,wtc2p01,54,29.235
track18,wtc2p01,55,29.745
track19,wtc1p03,1,1.205
track19,wtc1p03,2,2.995
track19,wtc1p03,3,3.485
track19,wtc1p03,4,3.9
track19,wtc1p03,5,4.285
track19,wtc1p03,6,5.085
track19,wtc1p03,7,5.66
track19,wtc1p03,8,6.32
track19,wtc1p03,9,6.88
track19,wtc1p03,10,7.525
track19,wtc1p03,11,8.045
track19,wtc1p03,12,8.775
track19,wtc1p03,13,9.43
track19,wtc1p03,14,10.055
track19,wtc1p03,15,10.665000000000001
track19,wtc1p03,16,11.34
track19,wtc1p03,17,12.0
track19,wtc1p03,18,12.635
track19,wtc1p03,19,13.415000000000001
track19,wtc1p03,20,13.870000000000001
track19,wtc1p03,21,14.525
track19,wtc1p03,22,15.14
track19,wtc1p03,23,15.945
track19,wtc1p03,24,16.38
track19,wtc1p03,25,17.16
track19,wtc1p03,26,17.59
track19,wtc1p03,27,18.1
track19,wtc1p03,28,18.795
track19,wtc1p03,29,19.485
track19,wtc1p03,30,19.78
track19,wtc1p03,31,20.16
track19,wtc1p03,32,20.605
track19,wtc1p03,33,20.86
track19,wtc1p03,34,21.485
track19,wtc1p03,35,22.145
track19,wtc1p03,36,22.775000000000002
track19,wtc1p03,37,23.45
track19,wtc1p03,38,24.1
track19,wtc1p03,39,24.775000000000002
track19,wtc1p03,40,25.41
track19,wtc1p03,41,26.080000000000002
track19,wtc1p03,42,26.72
track19,wtc1p03,43,27.38
track19,wtc1p03,44,28.04
track19,wtc1p03,45,28.7
track19,wtc1p03,46,29.355
track2,wtc1p15,1,1.0
track2,wtc1p15,2,2.035
track2,wtc1p15,3,2.87
track2,wtc1p15,4,3.46
track2,wtc1p15,5,4.05
track2,wtc1p15,6,4.39
track2,wtc1p15,7,5.0
track2,wtc1p15,8,5.405
track2,wtc1p15,9,6.085
track2,wtc1p15,10,6.415
track2,wtc1p15,11,7.0600000000000005
track2,wtc1p15,12,7.5200000000000005
track2,wtc1p15,13,7.92
track2,wtc1p15,14,8.19
track2,wtc1p15,15,8.785
track2,wtc1p15,16,9.095
track2,wtc1p15,17,9.42
track2,wtc1p15,18,10.235
track2,wtc1p15,19,10.575000000000001
track2,wtc1p15,20,10.855
track2,wtc1p15,21,11.5
track2,wtc1p15,22,11.785
track2,wtc1p15,23,12.095
track2,wtc1p15,24,12.365
track2,wtc1p15,25,13.0
track2,wtc1p15,26,13.325000000000001
track2,wtc1p15,27,13.595
track2,wtc1p15,28,13.89
track2,wtc1p15,29,14.185
track2,wtc1p15,30,14.55
track2,wtc1p15,31,14.870000000000001
track2,wtc1p15,32,15.19
track2,wtc1p15,33,15.445
track2,wtc1p15,34,15.775
track2,wtc1p15,35,16.1
track2,wtc1p15,36,16.415
track2,wtc1p15,37,16.95
track2,wtc1p15,38,17.240000000000002
track2,wtc1p15,39,17.54
track2,wtc1p15,40,18.98
track2,wtc1p15,41,19.27
track2,wtc1p15,42,19.580000000000002
track2,wtc1p15,43,19.89
track2,wtc1p15,44,20.14
track2,wtc1p15,45,20.51
track2,wtc1p15,46,20.815
track2,wtc1p15,47,21.115000000000002
track2,wtc1p15,48,21.465
track2,wtc1p15,49,21.755
track2,wtc1p15,50,22.025000000000002
track2,wtc1p15,51,22.330000000000002
track2,wtc1p15,52,22.595
track2,wtc1p15,53,22.875
track2,wtc1p15,54,23.225
track2,wtc1p15,55,23.515
track2,wtc1p15,56,23.815
track2,wtc1p15,57,24.16
track2,wtc1p15,58,24.425
track2,wtc1p15,59,24.795
track2,wtc1p15,60,25.060000000000002
track2,wtc1p15,61,25.35
track2,wtc1p15,62,25.64
track2,wtc1p15,63,25.98
track2,wtc1p15,64,26.330000000000002
track2,wtc1p15,65,26.64
track2,wtc1p15,66,26.91
track2,wtc1p15,67,27.205000000000002
track2,wtc1p15,68,27.525000000000002
track2,wtc1p15,69,27.865000000000002
track2,wtc1p15,70,28.16
track2,wtc1p15,71,28.51
track2,wtc1p15,72,28.8
track2,wtc1p15,73,29.1
track2,wtc1p15,74,29.72
track20,wtc2p24,1,1.175
track20,wtc2p24,2,2.48
track20,wtc2p24,3,3.015
track20,wtc2p24,4,3.525
track20,wtc2p24,5,3.94
track20,wtc2p24,6,4.41
track20,wtc2p24,7,4.89
track20,wtc2p24,8,5.33
track20,wtc2p24,9,5.795
track20,wtc2p24,10,6.265000000000001
track20,wtc2p24,11,6.755
track20,wtc2p24,12,7.215
track20,wtc2p24,13,7.69
track20,wtc2p24,14,8.135
track20,wtc2p24,15,8.6
track20,wtc2p24,16,9.08
track20,wtc2p24,17,9.56
track20,wtc2p24,18,10.02
track20,wtc2p24,19,10.525
track20,wtc2p24,20,10.995000000000001
track20,wtc2p24,21,11.47
track20,wtc2p24,22,11.915000000000001
track20,wtc2p24,23,12.4
track20,wtc2p24,24,12.865
track20,wtc2p24,25,13.33
track20,wtc2p24,26,13.795
track20,wtc2p24,27,14.255
track20,wtc2p24,28,14.72
track20,wtc2p24,29,15.175
track20,wtc2p24,30,15.625
track20,wtc2p24,31,16.080000000000002
track20,wtc2p24,32,16.535
track20,wtc2p24,33,16.990000000000002
track20,wtc2p24,34,17.48
track20,wtc2p24,35,17.92
track20,wtc2p24,36,18.39
track20,wtc2p24,37,18.88
track20,wtc2p24,38,19.355
track20,wtc2p24,39,19.815
track20,wtc2p24,40,20.295
track20,wtc2p24,41,20.77
track20,wtc2p24,42,21.240000000000002
track20,wtc2p24,43,21.7
track20,wtc2p24,44,22.18
track20,wtc2p24,45,22.650000000000002
track20,wtc2p24,46,23.12
track20,wtc2p24,47,23.565
track20,wtc2p24,48,24.075
track20,wtc2p24,49,24.545
track20,wtc2p24,50,25.025000000000002
track20,wtc2p24,51,25.48
track20,wtc2p24,52,25.955000000000002
track20,wtc2p24,53,26.42
track20,wtc2p24,54,26.87
track20,wtc2p24,55,27.330000000000002
track20,wtc2p24,56,27.785
track20,wtc2p24,57,28.26
track20,wtc2p24,58,28.73
track20,wtc2p24,59,29.195
track20,wtc2p24,60,29.645
track21,wtc1f05,1,2.875
track21,wtc1f05,2,3.725
track21,wtc1f05,3,4.2
track21,wtc1f05,4,4.51
track21,wtc1f05,5,5.48
track21,wtc1f05,6,6.2700000000000005
track21,wtc1f05,7,6.54
track21,wtc1f05,8,6.84
track21,wtc1f05,9,7.465
track21,wtc1f05,10,7.8950000000000005
track21,wtc1f05,11,8.49
track21,wtc1f05,12,9.08
track21,wtc1f05,13,9.775
track21,wtc1f05,14,10.43
track21,wtc1f05,15,11.065
track21,wtc1f05,16,11.815
track21,wtc1f05,17,12.455
track21,wtc1f05,18,13.1
track21,wtc1f05,19,13.725
track21,wtc1f05,20,14.395
track21,wtc1f05,21,15.035
track21,wtc1f05,22,15.63
track21,wtc1f05,23,16.215
track21,wtc1f05,24,16.84
track21,wtc1f05,25,17.415
track21,wtc1f05,26,17.91
track21,wtc1f05,27,18.525000000000002
track21,wtc1f05,28,19.265
track21,wtc1f05,29,19.84
track21,wtc1f05,30,20.215
track21,wtc1f05,31,20.465
track21,wtc1f05,32,21.1
track21,wtc1f05,33,21.765
track21,wtc1f05,34,22.39
track21,wtc1f05,35,22.835
track21,wtc1f05,36,23.415
track21,wtc1f05,37,24.03
track21,wtc1f05,38,25.025000000000002
track21,wtc1f05,39,25.395
track21,wtc1f05,40,26.05
track21,wtc1f05,41,26.675
track21,wtc1f05,42,27.305
track21,wtc1f05,43,27.785
track21,wtc1f05,44,28.43
track21,wtc1f05,45,28.955000000000002
track21,wtc1f05,46,29.560000000000002
track22,wtc2f07,1,0.445
track22,wtc2f07,2,2.34
track22,wtc2f07,3,2.755
track22,wtc2f07,4,3.805
track22,wtc2f07,5,4.54
track22,wtc2f07,6,5.95
track22,wtc2f07,7,6.545
track22,wtc2f07,8,7.23
track22,wtc2f07,9,7.5600000000000005
track22,wtc2f07,10,7.8
track22,wtc2f07,11,8.395
track22,wtc2f07,12,8.73
track22,wtc2f07,13,8.965
track22,wtc2f07,14,9.28
track22,wtc2f07,15,9.58
track22,wtc2f07,16,10.155
track22,wtc2f07,17,10.52
track22,wtc2f07,18,11.205
track22,wtc2f07,19,11.75
track22,wtc2f07,20,12.325000000000001
track22,wtc2f07,21,12.605
track22,wtc2f07,22,12.975
track22,wtc2f07,23,13.56
track22,wtc2f07,24,14.18
track22,wtc2f07,25,14.8
track22,wtc2f07,26,15.385
track22,wtc2f07,27,15.655000000000001
track22,wtc2f07,28,15.99
track22,wtc2f07,29,16.29
track22,wtc2f07,30,16.595
track22,wtc2f07,31,16.885
track22,wtc2f07,32,17.22
track22,wtc2f07,33,17.825
track22,wtc2f07,34,18.445
track22,wtc2f07,35,19.05
track22,wtc2f07,36,19.635
track22,wtc2f07,37,20.240000000000002
track22,wtc2f07,38,20.86
track22,wtc2f07,39,21.455000000000002
track22,wtc2f07,40,22.075
track22,wtc2f07,41,22.67
track22,wtc2f07,42,23.265
track22,wtc2f07,43,23.865000000000002
track22,wtc2f07,44,24.475
track22,wtc2f07,45,25.07
track22,wtc2f07,46,25.705000000000002
track22,wtc2f07,47,26.305
track22,wtc2f07,48,26.625
track22,wtc2f07,49,26.96
track22,wtc2f07,50,27.57
track22,wtc2f07,51,28.18
track22,wtc2f07,52,28.79
track22,wtc2f07,53,29.400000000000002
track23,wtc1p03,1,1.17
track23,wtc1p03,2,1.695
track23,wtc1p03,3,2.38
track23,wtc1p03,4,2.945
track23,wtc1p03,5,3.295
track23,wtc1p03,6,3.975
track23,wtc1p03,7,4.655
track23,wtc1p03,8,5.315
track23,wtc1p03,9,5.95
track23,wtc1p03,10,6.635
track23,wtc1p03,11,7.29
track23,wtc1p03,12,7.96
track23,wtc1p03,13,8.61
track23,wtc1p03,14,9.265
track23,wtc1p03,15,9.955
track23,wtc1p03,16,10.605
track23,wtc1p03,17,11.26
track23,wtc1p03,18,11.885
track23,wtc1p03,19,12.565
track23,wtc1p03,20,13.255
track23,wtc1p03,21,13.955
track23,wtc1p03,22,14.645
track23,wtc1p03,23,15.290000000000001
track23,wtc1p03,24,15.98
track23,wtc1p03,25,16.605
track23,wtc1p03,26,17.18
track23,wtc1p03,27,17.925
track23,wtc1p03,28,18.585
track23,wtc1p03,29,19.265
track23,wtc1p03,30,19.900000000000002
track23,wtc1p03,31,20.61
track23,wtc1p03,32,20.985
track23,wtc1p03,33,21.275000000000002
track23,wtc1p03,34,21.915
track23,wtc1p03,35,22.35
track23,wtc1p03,36,22.62
track23,wtc1p03,37,23.26
track23,wtc1p03,38,24.055
track23,wtc1p03,39,24.635
track23,wtc1p03,40,25.35
track23,wtc1p03,41,25.61
track23,wtc1p03,42,26.065
track23,wtc1p03,43,26.555
track23,wtc1p03,44,27.365000000000002
track23,wtc1p03,45,28.015
track23,wtc1p03,46,28.685000000000002
track23,wtc1p03,47,29.385
track24,wtc1p17,1,1.09
track24,wtc1p17,2,1.895
track24,wtc1p17,3,2.5500000000000003
track24,wtc1p17,4,3.22
track24,wtc1p17,5,3.6550000000000002
track24,wtc1p17,6,4.355
track24,wtc1p17,7,4.615
track24,wtc1p17,8,4.89
track24,wtc1p17,9,5.425
track24,wtc1p17,10,5.995
track24,wtc1p17,11,6.515000000000001
track24,wtc1p17,12,7.105
track24,wtc1p17,13,7.640000000000001
track24,wtc1p17,14,8.19
track24,wtc1p17,15,8.745000000000001
track24,wtc1p17,16,9.32
track24,wtc1p17,17,9.855
track24,wtc1p17,18,10.435
track24,wtc1p17,19,10.995000000000001
track24,wtc1p17,20,11.53
track24,wtc1p17,21,12.095
track24,wtc1p17,22,12.66
track24,wtc1p17,23,13.22
track24,wtc1p17,24,13.52
track24,wtc1p17,25,13.780000000000001
track24,wtc1p17,26,14.34
track24,wtc1p17,27,14.905000000000001
track24,wtc1p17,28,15.445
track24,wtc1p17,29,16.005
track24,wtc1p17,30,16.56
track24,wtc1p17,31,17.11
track24,wtc1p17,32,17.63
track24,wtc1p17,33,18.19
track24,wtc1p17,34,18.72
track24,wtc1p17,35,19.21
track24,wtc1p17,36,19.740000000000002
track24,wtc1p17,37,20.275000000000002
track24,wtc1p17,38,20.56
track24,wtc1p17,39,21.085
track24,wtc1p17,40,21.84
track24,wtc1p17,41,22.315
track24,wtc1p17,42,22.865000000000002
track24,wtc1p17,43,23.38
track24,wtc1p17,44,23.925
track24,wtc1p17,45,24.45
track24,wtc1p17,46,24.94
track24,wtc1p17,47,25.465
track24,wtc1p17,48,25.735
track24,wtc1p17,49,25.995
track24,wtc1p17,50,26.490000000000002
track24,wtc1p17,51,27.025000000000002
track24,wtc1p17,52,27.515
track24,wtc1p17,53,28.05
track24,wtc1p17,54,28.55
track24,wtc1p17,55,29.080000000000002
track24,wtc1p17,56,29.655
track3,wtc2f06,1,0.9400000000000001
track3,wtc2f06,2,2.77
track3,wtc2f06,3,3.42
track3,wtc2f06,4,4.425
track3,wtc2f06,5,4.865
track3,wtc2f06,6,5.28
track3,wtc2f06,7,5.855
track3,wtc2f06,8,6.505
track3,wtc2f06,9,6.95
track3,wtc2f06,10,7.58
track3,wtc2f06,11,8.165000000000001
track3,wtc2f06,12,8.83
track3,wtc2f06,13,9.955
track3,wtc2f06,14,10.77
track3,wtc2f06,15,11.28
track3,wtc2f06,16,11.71
track3,wtc2f06,17,12.275
track3,wtc2f06,18,12.805
track3,wtc2f06,19,13.31
track3,wtc2f06,20,13.83
track3,wtc2f06,21,14.365
track3,wtc2f06,22,14.91
track3,wtc2f06,23,15.465
track3,wtc2f06,24,16.015
track3,wtc2f06,25,16.52
track3,wtc2f06,26,17.055
track3,wtc2f06,27,17.6
track3,wtc2f06,28,18.14
track3,wtc2f06,29,18.695
track3,wtc2f06,30,19.26
track3,wtc2f06,31,19.815
track3,wtc2f06,32,20.36
track3,wtc2f06,33,20.925
track3,wtc2f06,34,21.445
track3,wtc2f06,35,22.0
track3,wtc2f06,36,22.57
track3,wtc2f06,37,23.13
track3,wtc2f06,38,23.685
track3,wtc2f06,39,24.215
track3,wtc2f06,40,24.73
track3,wtc2f06,41,25.3
track3,wtc2f06,42,25.815
track3,wtc2f06,43,26.355
track3,wtc2f06,44,26.895
track3,wtc2f06,45,27.465
track3,wtc2f06,46,28.015
track3,wtc2f06,47,28.53
track3,wtc2f06,48,29.045
track3,wtc2f06,49,29.57
track4,wtc2f06,1,0.095
track4,wtc2f06,2,1.225
track4,wtc2f06,3,1.795
track4,wtc2f06,4,2.85
track4,wtc2f06,5,3.19
track4,wtc2f06,6,3.7800000000000002
track4,wtc2f06,7,4.205
track4,wtc2f06,8,4.775
track4,wtc2f06,9,5.265
track4,wtc2f06,10,5.845
track4,wtc2f06,11,6.32
track4,wtc2f06,12,6.86
track4,wtc2f06,13,7.44
track4,wtc2f06,14,7.99
track4,wtc2f06,15,8.56
track4,wtc2f06,16,9.21
track4,wtc2f06,17,9.84
track4,wtc2f06,18,10.275
track4,wtc2f06,19,10.85
track4,wtc2f06,20,11.385
track4,wtc2f06,21,11.955
track4,wtc2f06,22,12.72
track4,wtc2f06,23,14.055
track4,wtc2f06,24,14.805
track4,wtc2f06,25,15.34
track4,wtc2f06,26,15.84
track4,wtc2f06,27,16.335
track4,wtc2f06,28,16.825
track4,wtc2f06,29,17.355
track4,wtc2f06,30,17.89
track4,wtc2f06,31,18.46
track4,wtc2f06,32,18.985
track4,wtc2f06,33,19.455000000000002
track4,wtc2f06,34,19.990000000000002
track4,wtc2f06,35,20.37
track4,wtc2f06,36,21.015
track4,wtc2f06,37,21.555
track4,wtc2f06,38,22.015
track4,wtc2f06,39,22.5
track4,wtc2f06,40,23.025000000000002
track4,wtc2f06,41,23.475
track4,wtc2f06,42,24.0
track4,wtc2f06,43,24.5
track4,wtc2f06,44,24.995
track4,wtc2f06,45,25.51
track4,wtc2f06,46,26.09
track4,wtc2f06,47,26.625
track4,wtc2f06,48,27.14
track4,wtc2f06,49,27.665
track4,wtc2f06,50,28.205000000000002
track4,wtc2f06,51,28.725
track4,wtc2f06,52,29.285
track4,wtc2f06,53,29.855
track5,wtc2p01,1,0.765
track5,wtc2p01,2,1.34
track5,wtc2p01,3,1.735
track5,wtc2p01,4,2.795
track5,wtc2p01,5,3.375
track5,wtc2p01,6,3.955
track5,wtc2p01,7,4.265
track5,wtc2p01,8,4.55
track5,wtc2p01,9,5.37
track5,wtc2p01,10,5.885
track5,wtc2p01,11,6.43
track5,wtc2p01,12,6.955
track5,wtc2p01,13,7.51
track5,wtc2p01,14,7.75
track5,wtc2p01,15,8.56
track5,wtc2p01,16,9.155
track5,wtc2p01,17,9.695
track5,wtc2p01,18,10.255
track5,wtc2p01,19,10.775
track5,wtc2p01,20,11.335
track5,wtc2p01,21,11.935
track5,wtc2p01,22,12.450000000000001
track5,wtc2p01,23,12.755
track5,wtc2p01,24,13.26
track5,wtc2p01,25,13.71
track5,wtc2p01,26,13.995000000000001
track5,wtc2p01,27,14.540000000000001
track5,wtc2p01,28,15.1
track5,wtc2p01,29,15.735000000000001
track5,wtc2p01,30,16.335
track5,wtc2p01,31,16.87
track5,wtc2p01,32,17.42
track5,wtc2p01,33,17.91
track5,wtc2p01,34,18.475
track5,wtc2p01,35,18.985
track5,wtc2p01,36,19.545
track5,wtc2p01,37,20.13
track5,wtc2p01,38,20.735
track5,wtc2p01,39,21.27
track5,wtc2p01,40,21.78
track5,wtc2p01,41,22.37
track5,wtc2p01,42,22.855
track5,wtc2p01,43,23.39
track5,wtc2p01,44,23.91
track5,wtc2p01,45,24.19
track5,wtc2p01,46,24.47
track5,wtc2p01,47,25.01
track5,wtc2p01,48,25.55
track5,wtc2p01,49,26.080000000000002
track5,wtc2p01,50,26.61
track5,wtc2p01,51,27.150000000000002
track5,wtc2p01,52,27.72
track5,wtc2p01,53,28.23
track5,wtc2p01,54,28.78
track5,wtc2p01,55,29.345
track5,wtc2p01,56,29.885
track6,wtc1p04,1,0.8250000000000001
track6,wtc1p04,2,1.43
track6,wtc1p04,3,2.13
track6,wtc1p04,4,2.795
track6,wtc1p04,5,3.35
track6,wtc1p04,6,3.825
track6,wtc1p04,7,4.375
track6,wtc1p04,8,5.69
track6,wtc1p04,9,6.075
track6,wtc1p04,10,6.8500000000000005
track6,wtc1p04,11,7.37
track6,wtc1p04,12,7.875
track6,wtc1p04,13,8.61
track6,wtc1p04,14,9.055
track6,wtc1p04,15,9.8
track6,wtc1p04,16,10.69
track6,wtc1p04,17,11.185
track6,wtc1p04,18,11.755
track6,wtc1p04,19,12.415000000000001
track6,wtc1p04,20,13.11
track6,wtc1p04,21,13.700000000000001
track6,wtc1p04,22,14.045
track6,wtc1p04,23,14.395
track6,wtc1p04,24,14.97
track6,wtc1p04,25,15.585
track6,wtc1p04,26,16.275
track6,wtc1p04,27,16.82
track6,wtc1p04,28,17.5
track6,wtc1p04,29,18.105
track6,wtc1p04,30,18.66
track6,wtc1p04,31,19.405
track6,wtc1p04,32,20.06
track6,wtc1p04,33,20.665
track6,wtc1p04,34,21.25
track6,wtc1p04,35,21.81
track6,wtc1p04,36,22.415
track6,wtc1p04,37,22.98
track6,wtc1p04,38,23.635
track6,wtc1p04,39,24.22
track6,wtc1p04,40,25.065
track6,wtc1p04,41,25.63
track6,wtc1p04,42,26.17
track6,wtc1p04,43,26.490000000000002
track6,wtc1p04,44,27.61
track6,wtc1p04,45,28.21
track6,wtc1p04,46,28.745
track6,wtc1p04,47,29.415
track6,wtc1p04,48,29.945
track7,wtc2p24,1,0.9400000000000001
track7,wtc2p24,2,2.835
track7,wtc2p24,3,3.54
track7,wtc2p24,4,4.025
track7,wtc2p24,5,4.51
track7,wtc2p24,6,5.015
track7,wtc2p24,7,5.505
track7,wtc2p24,8,6.025
track7,wtc2p24,9,6.535
track7,wtc2p24,10,7.055
track7,wtc2p24,11,7.535
track7,wtc2p24,12,8.03
track7,wtc2p24,13,8.52
track7,wtc2p24,14,9.06
track7,wtc2p24,15,9.555
track7,wtc2p24,16,10.085
track7,wtc2p24,17,10.61
track7,wtc2p24,18,11.135
track7,wtc2p24,19,11.64
track7,wtc2p24,20,12.16
track7,wtc2p24,21,12.66
track7,wtc2p24,22,13.17
track7,wtc2p24,23,13.675
track7,wtc2p24,24,14.205
track7,wtc2p24,25,14.705
track7,wtc2p24,26,15.225
track7,wtc2p24,27,15.745000000000001
track7,wtc2p24,28,16.235
track7,wtc2p24,29,16.705000000000002
track7,wtc2p24,30,17.21
track7,wtc2p24,31,17.725
track7,wtc2p24,32,18.240000000000002
track7,wtc2p24,33,18.785
track7,wtc2p24,34,19.28
track7,wtc2p24,35,19.81
track7,wtc2p24,36,20.355
track7,wtc2p24,37,20.865000000000002
track7,wtc2p24,38,21.36
track7,wtc2p24,39,21.830000000000002
track7,wtc2p24,40,22.37
track7,wtc2p24,41,22.885
track7,wtc2p24,42,23.365000000000002
track7,wtc2p24,43,23.85
track7,wtc2p24,44,24.385
track7,wtc2p24,45,24.885
track7,wtc2p24,46,25.385
track7,wtc2p24,47,25.905
track7,wtc2p24,48,26.435000000000002
track7,wtc2p24,49,26.91
track7,wtc2p24,50,27.59
track7,wtc2p24,51,28.115000000000002
track7,wtc2p24,52,28.63
track7,wtc2p24,53,29.11
track7,wtc2p24,54,29.595
track8,wtc1f03,1,0.75
track8,wtc1f03,2,2.795
track8,wtc1f03,3,3.34
track8,wtc1f03,4,3.75
track8,wtc1f03,5,4.1450000000000005
track8,wtc1f03,6,4.63
track8,wtc1f03,7,5.255
track8,wtc1f03,8,5.835
track8,wtc1f03,9,6.13
track8,wtc1f03,10,6.485
track8,wtc1f03,11,7.055
track8,wtc1f03,12,7.6000000000000005
track8,wtc1f03,13,8.11
track8,wtc1f03,14,8.775
track8,wtc1f03,15,9.335
track8,wtc1f03,16,9.895
track8,wtc1f03,17,10.42
track8,wtc1f03,18,10.99
track8,wtc1f03,19,11.595
track8,wtc1f03,20,12.17
track8,wtc1f03,21,12.72
track8,wtc1f03,22,13.38
track8,wtc1f03,23,13.950000000000001
track8,wtc1f03,24,14.515
track8,wtc1f03,25,15.065
track8,wtc1f03,26,15.695
track8,wtc1f03,27,16.295
track8,wtc1f03,28,16.845
track8,wtc1f03,29,17.415
track8,wtc1f03,30,17.98
track8,wtc1f03,31,18.56
track8,wtc1f03,32,19.145
track8,wtc1f03,33,19.715
track8,wtc1f03,34,20.28
track8,wtc1f03,35,20.85
track8,wtc1f03,36,21.42
track8,wtc1f03,37,22.05
track8,wtc1f03,38,22.59
track8,wtc1f03,39,23.13
track8,wtc1f03,40,23.66
track8,wtc1f03,41,24.19
track8,wtc1f03,42,24.8
track8,wtc1f03,43,25.385
track8,wtc1f03,44,25.935000000000002
track8,wtc1f03,45,26.525000000000002
track8,wtc1f03,46,27.17
track8,wtc1f03,47,27.735
track8,wtc1f03,48,28.310000000000002
track8,wtc1f03,49,28.845
track8,wtc1f03,50,29.46
track9,wtc1f03,1,1.0150000000000001
track9,wtc1f03,2,2.945
track9,wtc1f03,3,4.08
track9,wtc1f03,4,4.54
track9,wtc1f03,5,5.155
track9,wtc1f03,6,5.5200000000000005
track9,wtc1f03,7,5.905
track9,wtc1f03,8,6.58
track9,wtc1f03,9,6.95
track9,wtc1f03,10,7.3
track9,wtc1f03,11,7.655
track9,wtc1f03,12,7.955
track9,wtc1f03,13,8.59
track9,wtc1f03,14,9.23
track9,wtc1f03,15,9.91
track9,wtc1f03,16,10.275
track9,wtc1f03,17,10.555
track9,wtc1f03,18,11.23
track9,wtc1f03,19,11.575000000000001
track9,wtc1f03,20,11.925
track9,wtc1f03,21,12.575000000000001
track9,wtc1f03,22,13.22
track9,wtc1f03,23,13.845
track9,wtc1f03,24,14.495000000000001
track9,wtc1f03,25,14.805
track9,wtc1f03,26,15.14
track9,wtc1f03,27,15.795
track9,wtc1f03,28,16.48
track9,wtc1f03,29,16.785
track9,wtc1f03,30,17.135
track9,wtc1f03,31,17.805
track9,wtc1f03,32,18.445
track9,wtc1f03,33,19.12
track9,wtc1f03,34,19.775000000000002
track9,wtc1f03,35,20.445
track9,wtc1f03,36,21.14
track9,wtc1f03,37,21.475
track9,wtc1f03,38,21.8
track9,wtc1f03,39,22.465
track9,wtc1f03,40,23.175
track9,wtc1f03,41,23.515
track9,wtc1f03,42,23.830000000000002
track9,wtc1f03,43,24.145
track9,wtc1f03,44,24.485
track9,wtc1f03,45,25.105
track9,wtc1f03,46,25.72
track9,wtc1f03,47,26.335
track9,wtc1f03,48,26.66
track9,wtc1f03,49,27.0
track9,wtc1f03,50,27.64
track9,wtc1f03,51,28.330000000000002
track9,wtc1f03,52,28.625
track9,wtc1f03,53,29.0
track9,wtc1f03,54,29.330000000000002
track9,wtc1f03,55,29.64
