target,feature,n_pieces_within_piece_tests,median_piece_spearman_rho,n_positive_pieces,n_negative_pieces,fisher_stat,fisher_p,global_spearman_rho,global_fdr_q,fisher_fdr_q
max_tap_count_per_100ms_bin,active_note_count,10,0.25797024856031425,9,1,488.801807526692,6.41834597497484e-91,0.2833423824954585,,3.3720145581119296e-89
max_tap_count_per_100ms_bin,mtb_active_note_count,10,0.2573661321691666,9,1,489.8727513880562,3.8316775504399205e-91,0.2838091041745209,,3.3720145581119296e-89
max_unique_participants_per_100ms_bin,active_note_count,10,0.2587798176875388,9,1,488.69904467280577,6.74402911622386e-91,0.2816067871336734,,3.3720145581119296e-89
max_unique_participants_per_100ms_bin,mtb_active_note_count,10,0.258178405514769,9,1,489.7763603977423,4.013784518529732e-91,0.282129104111071,,3.3720145581119296e-89
istc_mean_max_unique_per_sec,mtb_active_note_count,10,0.24753108698608195,9,1,473.3147025916848,1.109427134406716e-87,0.2735045000136166,,4.437708537626864e-86
istc_mean_max_unique_per_sec,active_note_count,10,0.24771851880350407,8,2,472.09914064304166,1.9908908458747982e-87,0.273057946766168,,6.636302819582661e-86
max_tap_count_per_100ms_bin,mtb_n_note_onsets,10,0.24820654238541986,9,1,435.0701597253287,1.0519063313657383e-79,0.2607921714077268,,1.8538585471902276e-78
max_tap_count_per_100ms_bin,mtb_note_onset_density_per_s,10,0.24820654238541986,9,1,435.0701597253287,1.0519063313657383e-79,0.2607921714077268,,1.8538585471902276e-78
max_tap_count_per_100ms_bin,n_note_onsets,10,0.24820654238541986,9,1,435.5518834457155,8.34981698008103e-80,0.2606336154296801,,1.8538585471902276e-78
max_tap_count_per_100ms_bin,note_onset_density_per_s,10,0.24820654238541986,9,1,435.5518834457155,8.34981698008103e-80,0.2606336154296801,,1.8538585471902276e-78
max_unique_participants_per_100ms_bin,n_note_onsets,10,0.24901881600804568,9,1,434.9536841185377,1.1123151283141365e-79,0.260007117458674,,1.8538585471902276e-78
max_unique_participants_per_100ms_bin,note_onset_density_per_s,10,0.24901881600804568,9,1,434.9536841185377,1.1123151283141365e-79,0.260007117458674,,1.8538585471902276e-78
max_unique_participants_per_100ms_bin,mtb_n_note_onsets,10,0.24901881600804568,9,1,434.47839605029026,1.3969543024413836e-79,0.2602773322701229,,1.9956490034876907e-78
max_unique_participants_per_100ms_bin,mtb_note_onset_density_per_s,10,0.24901881600804568,9,1,434.47839605029026,1.3969543024413836e-79,0.2602773322701229,,1.9956490034876907e-78
istc_mean_max_unique_per_sec,spectral_centroid_hz_mean,10,-0.09785908655458955,5,5,427.9675274418124,3.1642139669317205e-78,-0.2038664326565615,,4.218951955908961e-77
max_tap_count_per_100ms_bin,spectral_centroid_hz_mean,10,-0.0905984533751757,5,5,426.80592801155893,5.519909519156149e-78,-0.2056543751437772,,6.8998868989451865e-77
max_unique_participants_per_100ms_bin,spectral_centroid_hz_mean,10,-0.08875371277271418,5,5,424.85258843561047,1.406862749987779e-77,-0.2042714408547261,,1.6551326470444458e-76
optimizer_peak_to_grid_median_abs_error_ms,spectral_centroid_hz_mean,10,0.0011681026715770308,5,5,423.5119514969697,2.673462968033342e-77,0.0532524470840254,,2.970514408925935e-76
istc_mean_max_unique_per_sec,n_note_onsets,10,0.24057451818758457,9,1,418.6506402742135,2.740254603015162e-76,0.2497138783104549,,2.740254603015162e-75
istc_mean_max_unique_per_sec,note_onset_density_per_s,10,0.24057451818758457,9,1,418.6506402742135,2.740254603015162e-76,0.2497138783104549,,2.740254603015162e-75
istc_mean_max_unique_per_sec,mtb_n_note_onsets,10,0.24057451818758457,9,1,418.13421953723326,3.5085661339301665e-76,0.2499608435774589,,3.1896055763001514e-75
istc_mean_max_unique_per_sec,mtb_note_onset_density_per_s,10,0.24057451818758457,9,1,418.13421953723326,3.5085661339301665e-76,0.2499608435774589,,3.1896055763001514e-75
optimizer_peak_to_grid_median_abs_error_ms,mir_centroid,10,-0.040407139414965196,4,6,415.1354600922694,1.4733596846988804e-75,0.0550814385172619,,1.2811823345207656e-74
optimizer_peak_to_grid_median_abs_error_ms,mir_brightness,10,-0.09776398774586993,4,6,375.87923716647396,2.0251348270711938e-67,0.0432468567253721,,1.6876123558926615e-66
max_unique_participants_per_100ms_bin,mtb_pitch_std,10,0.22029083531817906,8,2,362.8478320715095,9.978134081929911e-65,0.239140738466626,,7.98250726554393e-64
max_tap_count_per_100ms_bin,mtb_pitch_std,10,0.22029083531817906,8,2,362.24618637198,1.3281460781878112e-64,0.2389495340446754,,1.0216508293752394e-63
max_tap_count_per_100ms_bin,mtb_ioi_mean_s,10,-0.24969463406476944,1,9,360.0647302279593,3.74515517286187e-64,-0.2376735269580365,,2.7741890169347187e-63
max_tap_count_per_100ms_bin,mean_midi_ioi_s,10,-0.24952719354810124,1,9,359.8451455333187,4.157013120793521e-64,-0.2377121227147278,,2.9692950862810865e-63
max_unique_participants_per_100ms_bin,mtb_ioi_mean_s,10,-0.2488340778423856,1,9,358.8341820264388,6.720110413261596e-64,-0.2357234704256404,,4.6345589056976524e-63
max_unique_participants_per_100ms_bin,mean_midi_ioi_s,10,-0.24866840128349255,1,9,358.62336881898807,7.427971826601811e-64,-0.2357652878512708,,4.95198121773454e-63
istc_mean_max_unique_per_sec,mtb_pitch_std,10,0.20158506909455767,8,2,352.16158727244175,1.5972577435904548e-62,0.2294467497913128,,1.0304888668325514e-61
istc_mean_max_unique_per_sec,mtb_ioi_mean_s,10,-0.24417513103855715,1,9,351.8903211611071,1.8167097680629548e-62,-0.2314142417367621,,1.1354436050393467e-61
istc_mean_max_unique_per_sec,mean_midi_ioi_s,10,-0.2440260974012431,1,9,351.6635770750837,2.0231026691394878e-62,-0.2314758632011761,,1.2261228297815077e-61
istc_mean_max_unique_per_sec,spectral_bandwidth_hz_mean,10,-0.06923846926805802,4,6,351.5197984744498,2.165958466979893e-62,-0.1898567044781135,,1.2740932158705254e-61
max_tap_count_per_100ms_bin,spectral_bandwidth_hz_mean,10,-0.06849767825880879,4,6,344.87442985921143,5.064314209925622e-61,-0.1955249558630942,,2.893893834243212e-60
max_unique_participants_per_100ms_bin,spectral_bandwidth_hz_mean,10,-0.0694416978415785,4,6,344.6593324196553,5.607956262742387e-61,-0.1936871974643608,,3.1155312570791043e-60
istc_mean_max_unique_per_sec,mir_centroid,10,-0.12912323814258542,5,5,316.12468796400145,4.067953560205416e-55,-0.1654706553210155,,2.1988938163272522e-54
max_tap_count_per_100ms_bin,mir_centroid,10,-0.13439806231413842,5,5,311.75317629714516,3.195748744696228e-54,-0.1701222778354104,,1.6819730235243304e-53
max_unique_participants_per_100ms_bin,mir_centroid,10,-0.13184548034247995,5,5,310.4569141399487,5.886755194749278e-54,-0.1675658701571678,,3.0188488178201425e-53
max_unique_participants_per_100ms_bin,std_pitch,10,0.22053204736465576,8,2,309.36227327452724,9.859652072539158e-54,0.2194473873005807,,4.929826036269579e-53
max_tap_count_per_100ms_bin,std_pitch,10,0.22053204736465576,8,2,308.8261560697612,1.2692419143100255e-53,0.2189926255132757,,6.191423972244027e-53
istc_mean_max_unique_per_sec,std_pitch,10,0.2016011403289461,8,2,299.6817629073648,9.387487050443087e-52,0.2101472252436112,,4.4702319287824225e-51
optimizer_peak_to_grid_median_abs_error_ms,mir_rms,10,-0.03354167490425381,5,5,293.67592829164414,1.5780891249874198e-50,-0.0561247490413885,,7.339949418546138e-50
max_unique_participants_per_100ms_bin,mean_pitch,10,-0.17042793973901146,4,6,292.0569906528081,3.374640438650424e-50,-0.0460051165355808,,1.499840194955744e-49
optimizer_peak_to_grid_median_abs_error_ms,rms_mean,10,-0.045713087413817834,4,6,292.0973727937208,3.3112742841596555e-50,-0.0528020906707579,,1.499840194955744e-49
max_unique_participants_per_100ms_bin,mtb_pitch_mean,10,-0.16943845209119085,4,6,291.2342250513891,4.965253150086143e-50,-0.0456999112361952,,2.1588057174287575e-49
max_tap_count_per_100ms_bin,mean_pitch,10,-0.167962092206601,4,6,289.77611551483045,9.842132908796977e-50,-0.045969093195788,,4.1881416633178624e-49
max_tap_count_per_100ms_bin,mtb_pitch_mean,10,-0.16685252142338944,4,6,288.94920078031623,1.4506503267110146e-49,-0.0456439641917695,,6.0443763612958934e-49
istc_mean_max_unique_per_sec,rms_mean,10,-0.02955921457468013,4,6,288.4387122567308,1.8431159102539772e-49,0.1142008918175573,,7.522922082669294e-49
max_tap_count_per_100ms_bin,rms_mean,10,-0.02419359062387163,4,6,287.0178497092797,3.5886257344129064e-49,0.11757216659642,,1.4354502937651626e-48
max_unique_participants_per_100ms_bin,rms_mean,10,-0.0240603171214055,4,6,286.78122039597355,4.009695514941237e-49,0.1163304391446285,,1.5724296137024457e-48
istc_mean_max_unique_per_sec,mean_pitch,10,-0.168243726278096,4,6,284.7680168603424,1.0302437108193967e-48,-0.0525083519509374,,3.962475810843834e-48
istc_mean_max_unique_per_sec,mtb_pitch_mean,10,-0.16736636126677082,4,6,283.9304736654762,1.525395385091672e-48,-0.0522140603605359,,5.756209000345933e-48
istc_mean_max_unique_per_sec,mir_rms,10,-0.015276475661071959,5,5,281.8425059983979,4.056426492456829e-48,0.1091176387556972,,1.4750641790752105e-47
max_tap_count_per_100ms_bin,mir_rms,10,-0.007344142009503361,5,5,281.8646603629633,4.014558478870146e-48,0.1139061419057575,,1.4750641790752105e-47
max_unique_participants_per_100ms_bin,mir_rms,10,-0.007658809920033254,5,5,281.49375556988116,4.7760668246772746e-48,0.1125234005733343,,1.705738151670455e-47
istc_mean_max_unique_per_sec,spectral_bandwidth_hz_std,10,-0.04423354353470236,5,5,267.54006444905235,3.2499849807739044e-45,-0.1759685811093938,,1.1403456072890892e-44
max_tap_count_per_100ms_bin,mir_roughness,10,0.07072263809085201,7,3,266.29207339785535,5.817658831568099e-45,0.1168885852665153,,2.0060892522648618e-44
max_unique_participants_per_100ms_bin,mir_roughness,10,0.06784729390524452,7,3,265.94813067502423,6.83003331749708e-45,0.1160977500139147,,2.315265531354942e-44
istc_mean_max_unique_per_sec,mir_roughness,10,0.06944146662033518,7,3,262.35143929906843,3.652902799119318e-44,0.1150370033186553,,1.2176342663731061e-43
max_tap_count_per_100ms_bin,spectral_bandwidth_hz_std,10,-0.04828224700002149,5,5,259.63720881713107,1.2933197673092305e-43,-0.177474352042727,,4.240392679702395e-43
max_unique_participants_per_100ms_bin,spectral_bandwidth_hz_std,10,-0.047671399561139555,5,5,258.582250790341,2.113503026919038e-43,-0.1767592890294016,,6.817751699738831e-43
optimizer_peak_to_grid_median_abs_error_ms,spectral_bandwidth_hz_mean,10,0.05442118579569155,6,4,254.33763583481385,1.5224732164772593e-42,0.0363006196910466,,4.8332483062770133e-42
optimizer_peak_to_grid_median_abs_error_ms,mir_roughness,10,0.0565182654879666,5,5,248.48674754275072,2.305965812660462e-41,-0.0411617261887666,,7.206143164563944e-41
optimizer_beat_density_per_s,spectral_rolloff_hz_mean,10,0.03586957231235069,6,4,237.58036931193053,3.607774444362936e-39,0.0584233020148479,,1.1100844444193648e-38
max_tap_count_per_100ms_bin,mtb_ioi_cv,10,0.18908345509202132,9,1,233.3881519651805,2.5038578440820174e-38,0.2023890252123517,,7.587448012369749e-38
max_tap_count_per_100ms_bin,cv_midi_ioi,10,0.1901386134422459,9,1,233.3077002765224,2.5986285821541075e-38,0.2017552577352813,,7.757100245236142e-38
max_unique_participants_per_100ms_bin,cv_midi_ioi,10,0.1909045781936754,9,1,231.19150084988507,6.902114270904711e-38,0.2007085272701953,,2.030033609089621e-37
max_unique_participants_per_100ms_bin,mtb_ioi_cv,10,0.18869151233393822,9,1,231.13067481686946,7.098577307605177e-38,0.2012704633875223,,2.057558639885559e-37
optimizer_beat_density_per_s,mir_centroid,10,0.14330071828074845,7,3,230.97404369171093,7.630588422485865e-38,0.0550824116667334,,2.1801681207102475e-37
istc_mean_max_unique_per_sec,cv_midi_ioi,10,0.19014985932350162,9,1,227.53746077153264,3.721806408469746e-37,0.2001630130027813,,1.0483961713999284e-36
istc_mean_max_unique_per_sec,mtb_ioi_cv,10,0.18787392479922138,9,1,227.44105198009444,3.890878890431258e-37,0.2007255401661672,,1.0807996917864606e-36
optimizer_beat_density_per_s,mir_brightness,10,0.0864153862997343,7,3,227.24857205326856,4.251732623602824e-37,0.0590332500405593,,1.1648582530418696e-36
istc_mean_max_unique_per_sec,spectral_centroid_hz_std,10,-0.09917274341413107,4,6,224.8761768095972,1.2679202360040663e-36,-0.164017220701106,,3.426811448659639e-36
max_tap_count_per_100ms_bin,spectral_centroid_hz_std,10,-0.10188893830681389,4,6,223.8792566558395,2.0061754999476858e-36,-0.1621185471242626,,5.349801333193829e-36
istc_mean_max_unique_per_sec,mir_brightness,10,0.014414071717974743,5,5,222.9548569469028,3.069599614446249e-36,-0.0722184603544555,,8.077893722226971e-36
max_unique_participants_per_100ms_bin,spectral_centroid_hz_std,10,-0.10188893830681389,4,6,221.45285085265527,6.124500666155094e-36,-0.1613998094005934,,1.590779393806518e-35
max_unique_participants_per_100ms_bin,mir_brightness,10,0.019778256377440427,5,5,219.55232194295084,1.4669048178791344e-35,-0.0767156321026816,,3.7612944048182935e-35
max_tap_count_per_100ms_bin,mir_brightness,10,0.019778256377440427,5,5,219.32698858833058,1.6268886819313673e-35,-0.0781298893713254,,4.1187055238768796e-35
max_tap_count_per_100ms_bin,spectral_rolloff_hz_mean,10,-0.05821862409873675,4,6,214.48087937072026,1.5038524349860794e-34,-0.1295537187329262,,3.759631087465199e-34
istc_mean_max_unique_per_sec,spectral_rolloff_hz_mean,10,-0.060456934626326966,4,6,214.38550438042313,1.5710661846928714e-34,-0.1260428717845406,,3.8791757646737565e-34
max_unique_participants_per_100ms_bin,spectral_rolloff_hz_mean,10,-0.05821862409873675,4,6,213.75876306376782,2.093921695570314e-34,-0.1282907510568205,,5.107126086756863e-34
max_tap_count_per_100ms_bin,rms_std,10,-0.032489585684719824,4,6,201.4044695232211,5.934299008347976e-32,0.0719694245634382,,1.4299515682766206e-31
max_unique_participants_per_100ms_bin,rms_std,10,-0.032674243704192724,4,6,200.23916823919149,1.0091904054913173e-31,0.0708557913353279,,2.4028342987888506e-31
istc_mean_max_unique_per_sec,rms_std,10,-0.03571945693367674,4,6,192.83804938583853,2.920849727834641e-30,0.0718469155285625,,6.872587594905038e-30
optimizer_beat_density_per_s,spectral_centroid_hz_mean,10,0.08286705002708215,7,3,185.24511291306482,9.100632816559864e-29,0.0341589425433706,,2.1164262364092707e-28
istc_mean_max_unique_per_sec,onset_strength_std,10,0.01715811604952157,5,5,180.0416277476566,9.526812147910419e-28,0.051161579089854,,2.1900717581403262e-27
max_unique_participants_per_100ms_bin,onset_strength_std,10,0.008832226621749994,5,5,178.22821195345506,2.1559349538703322e-27,0.0432118181799238,,4.899852167887119e-27
max_tap_count_per_100ms_bin,onset_strength_std,10,0.008669800305852758,5,5,177.80607650227017,2.6070256278317243e-27,0.0425846759085334,,5.858484556925223e-27
optimizer_beat_density_per_s,mtb_duration_mean_s,10,0.010191839845512196,5,5,172.70150590264137,2.5831130691754682e-26,0.0355038358539522,,5.740251264834374e-26
optimizer_beat_density_per_s,mean_note_duration_s,10,0.010191832452376419,5,5,172.2303079269153,3.1909374044692614e-26,0.0354258222308959,,7.013049240591783e-26
optimizer_peak_to_grid_median_abs_error_ms,mtb_duration_std_s,10,-0.1213905478932002,3,7,170.81311640981042,6.022423308049996e-26,0.0341957974019062,,1.3092224582717384e-25
max_unique_participants_per_100ms_bin,spectral_rolloff_hz_std,10,-0.10686965246422861,3,7,168.31317891388557,1.843898405172955e-25,-0.1381988781779059,,3.965372914350441e-25
max_tap_count_per_100ms_bin,mtb_ioi_std_s,10,0.12982301095510018,6,4,167.4256231899051,2.742012259327187e-25,0.1374570493900459,,5.834068636866356e-25
max_tap_count_per_100ms_bin,spectral_rolloff_hz_std,10,-0.10686965246422861,3,7,167.09068001765291,3.1847546073132305e-25,-0.1388726270730959,,6.704746541712064e-25
max_unique_participants_per_100ms_bin,mtb_ioi_std_s,10,0.1311303139832822,6,4,166.97138976817652,3.3591115674918767e-25,0.137104396601713,,6.9981490989414105e-25
max_unique_participants_per_100ms_bin,mean_velocity,10,-0.021940340051720596,5,5,166.61670753623366,3.935859431440121e-25,-0.0510408269515578,,8.115174085443548e-25
max_tap_count_per_100ms_bin,mean_velocity,10,-0.02564239770276069,5,5,166.3996159426352,4.336616458520129e-25,-0.0505855376459853,,8.850237670449242e-25
istc_mean_max_unique_per_sec,mean_velocity,10,-0.014973814390032748,5,5,164.06580870373276,1.2287141217476612e-24,-0.0508761418992529,,2.4822507510053762e-24
optimizer_peak_to_grid_median_abs_error_ms,mean_velocity,10,0.0963375640216899,7,3,162.69208433273917,2.2663405458295033e-24,0.0411217828046925,,4.5326810916590066e-24
istc_mean_max_unique_per_sec,spectral_rolloff_hz_std,10,-0.11077171275269382,3,7,162.0545713923301,3.0103666457200053e-24,-0.1410196659166094,,5.9611220707326835e-24
istc_mean_max_unique_per_sec,mtb_ioi_std_s,10,0.12518144000004777,6,4,161.677168450694,3.561073918257651e-24,0.1372980473260162,,6.982497878936572e-24
optimizer_peak_to_grid_median_abs_error_ms,rms_std,10,-0.06880212482377482,4,6,161.3245708757797,4.166087385564354e-24,-0.0404779478067007,,8.089490069056997e-24
optimizer_peak_to_grid_median_abs_error_ms,spectral_rolloff_hz_std,10,-0.07334428838221066,4,6,157.37683368378384,2.4069102458194063e-23,-0.0361524610172345,,4.628673549652704e-23
optimizer_peak_to_grid_median_abs_error_ms,onset_strength_mean,10,0.06783962298509122,6,4,152.40456308288785,2.175030539800623e-22,-0.0329228015302298,,4.1429153139059484e-22
istc_mean_max_unique_per_sec,onset_strength_mean,10,0.020278466125054177,5,5,149.36044453201055,8.332484058437617e-22,0.0651581298985629,,1.5721668034787957e-21
max_unique_participants_per_100ms_bin,onset_strength_mean,10,0.017139465448372193,5,5,147.34557116914266,2.0230176323006576e-21,0.0588942236241405,,3.781341368786276e-21
max_tap_count_per_100ms_bin,onset_strength_mean,10,0.018276342333241245,5,5,146.91364138869466,2.446184117838482e-21,0.0584761030021111,,4.529970588589782e-21
optimizer_beat_density_per_s,zero_crossing_rate_mean,10,0.12325624423794346,7,3,144.517856746179,7.005418309050123e-21,0.068919646437432,,1.2853978548715822e-20
istc_mean_max_unique_per_sec,mtb_duration_std_s,10,0.08279329399867966,7,3,131.19207710814962,2.3284006038279807e-18,0.1299044486352992,,4.233455643323601e-18
max_unique_participants_per_100ms_bin,mtb_duration_std_s,10,0.07672154936566933,7,3,130.1432954441145,3.664045543379416e-18,0.1266413799103993,,6.601883861944894e-18
max_tap_count_per_100ms_bin,mtb_duration_std_s,10,0.0775186883152076,7,3,129.821576885722,4.2102990893852656e-18,0.1284669455911563,,7.518391231045116e-18
optimizer_beat_density_per_s,mean_velocity,10,0.0692752044448051,6,4,128.29061093096627,8.150649608631889e-18,0.0610211084312199,,1.44259285108529e-17
optimizer_peak_to_grid_median_abs_error_ms,zero_crossing_rate_std,10,-0.008909762422203944,4,6,122.77151535044432,8.726526577649875e-17,0.0327962637572025,,1.530969575026294e-16
optimizer_peak_coverage_70ms,mir_brightness,9,0.014391673119236392,5,4,117.69961295957583,1.1388448405356666e-16,-0.0541678399589416,,1.9805997226707246e-16
optimizer_peak_coverage_70ms,mir_centroid,9,0.01160844502680404,5,4,116.9020693754963,1.6086915334490535e-16,-0.0472410050532182,,2.7736060921535405e-16
istc_mean_max_unique_per_sec,zero_crossing_rate_std,10,-0.0022673075714533635,5,5,115.08393767540184,2.3026419474229116e-15,-0.0523768689441518,,3.936140081064806e-15
max_tap_count_per_100ms_bin,zero_crossing_rate_std,10,-0.003044953740517553,5,5,114.31560158112978,3.187150119855433e-15,-0.0558911783324817,,5.401949355687175e-15
max_unique_participants_per_100ms_bin,zero_crossing_rate_std,10,-0.0023172663642553465,5,5,113.10574561532944,5.313258468132726e-15,-0.0556221960578639,,8.929846164928952e-15
max_unique_participants_per_100ms_bin,mean_note_duration_s,10,0.05500628593541454,6,4,110.57761173166865,1.5409053342669796e-14,0.0370055885700525,,2.5469509657305448e-14
max_unique_participants_per_100ms_bin,mtb_duration_mean_s,10,0.05491139085540778,6,4,110.58396525871463,1.5367961460126015e-14,0.0373349512815145,,2.5469509657305448e-14
max_tap_count_per_100ms_bin,mean_note_duration_s,10,0.0547001969836421,6,4,108.99875986221919,2.989333698053352e-14,0.0380238153844877,,4.860705200086751e-14
max_tap_count_per_100ms_bin,mtb_duration_mean_s,10,0.05460540979085957,6,4,109.01162028148232,2.97326276943041e-14,0.038358511458091,,4.860705200086751e-14
istc_mean_max_unique_per_sec,mean_note_duration_s,10,0.05418179826296604,6,4,108.71008239638068,3.3737384818596084e-14,0.0400294604266646,,5.4107627746674966e-14
istc_mean_max_unique_per_sec,mtb_duration_mean_s,10,0.05408468138182833,6,4,108.7044373271261,3.381726734167185e-14,0.0403608227204401,,5.4107627746674966e-14
optimizer_peak_density_per_s,spectral_centroid_hz_std,10,-0.11731791237982653,2,8,106.88249944753633,7.246034692746307e-14,-0.0500870631101959,,1.1501642369438583e-13
optimizer_peak_coverage_70ms,mean_velocity,9,-0.10199722989728753,2,7,101.48061474634213,1.1851763567229487e-13,-0.0543865477266372,,1.8664194594062184e-13
optimizer_peak_density_per_s,mtb_active_note_count,10,0.12534574572413465,8,2,104.02911941464856,2.378129359353219e-13,0.1049354839068361,,3.7158271239894045e-13
optimizer_peak_coverage_70ms,spectral_centroid_hz_mean,9,0.01468100043780602,5,4,99.55537581725433,2.671713423314067e-13,-0.0478489096835463,,4.142191353975297e-13
optimizer_peak_to_grid_median_abs_error_ms,mtb_ioi_std_s,10,-0.15849208811627746,1,9,103.55469637992682,2.895902899281579e-13,-0.0610997625190572,,4.4552352296639673e-13
optimizer_peak_density_per_s,active_note_count,10,0.12534574572413465,8,2,101.95836236603144,5.611240582667149e-13,0.1032704827479251,,8.566779515522364e-13
optimizer_peak_density_per_s,mean_pitch,10,0.03724964041739254,6,4,100.08610390259062,1.2156955749783134e-12,0.0792562265933994,,1.82811364658393e-12
optimizer_peak_density_per_s,mtb_pitch_mean,10,0.03724964041739254,6,4,100.10213369515502,1.2076902124769076e-12,0.0790741854865693,,1.82811364658393e-12
optimizer_peak_coverage_70ms,zero_crossing_rate_mean,9,0.10681266888316926,6,3,93.52999734288328,3.3371165996365013e-12,-0.0345467340983713,,4.980771044233584e-12
optimizer_peak_to_grid_median_abs_error_ms,mtb_n_note_onsets,10,-0.04414038769309456,4,6,96.82958610144115,4.63141747191389e-12,-0.050105031954226,,6.810908046932192e-12
optimizer_peak_to_grid_median_abs_error_ms,mtb_note_onset_density_per_s,10,-0.04414038769309456,4,6,96.82958610144115,4.63141747191389e-12,-0.050105031954226,,6.810908046932192e-12
optimizer_peak_to_grid_median_abs_error_ms,n_note_onsets,10,-0.04414038769309456,4,6,96.67648710938163,4.930854615050686e-12,-0.0503100350694927,,7.14616610876911e-12
optimizer_peak_to_grid_median_abs_error_ms,note_onset_density_per_s,10,-0.04414038769309456,4,6,96.67648710938163,4.930854615050686e-12,-0.0503100350694927,,7.14616610876911e-12
optimizer_peak_coverage_70ms,spectral_rolloff_hz_std,9,0.0854739171371803,6,3,88.53243327277217,2.6459465795877888e-11,0.0570431668957423,,3.807117380701854e-11
optimizer_peak_density_per_s,mtb_pitch_std,10,0.14967510316149477,8,2,91.4332055239211,4.158453823108419e-11,0.1147653980482965,,5.940648318726313e-11
optimizer_peak_density_per_s,zero_crossing_rate_std,10,-0.01218488260836249,5,5,90.27065333850346,6.647359989552648e-11,0.0290128751590943,,9.428879417805174e-11
optimizer_peak_coverage_70ms,spectral_centroid_hz_std,9,0.02793876275109483,6,3,85.73597743356734,8.34163104595207e-11,0.0354236911367992,,1.1748776121059253e-10
optimizer_peak_density_per_s,std_pitch,10,0.15029309505694977,8,2,86.84612195166989,2.6249695219876873e-10,0.1098174251836418,,3.6712860447380244e-10
optimizer_peak_density_per_s,spectral_bandwidth_hz_std,10,-0.10961404823654988,3,7,85.41502230499765,4.6421425333875454e-10,-0.066847726413646,,6.44742018526048e-10
optimizer_peak_to_grid_median_abs_error_ms,mtb_active_note_count,10,-0.007661789200597551,5,5,84.87101902675258,5.761924778973535e-10,-0.0553119029043635,,7.9474824537566e-10
optimizer_peak_to_grid_median_abs_error_ms,active_note_count,10,-0.006840496767981957,5,5,83.44360906529091,1.0141357825743542e-09,-0.0536308108648289,,1.3892270994169236e-09
optimizer_peak_to_grid_median_abs_error_ms,mtb_pitch_std,10,-0.09893949149655701,1,9,83.30950505951313,1.0693225112353223e-09,-0.0836856694424841,,1.4548605595038398e-09
optimizer_peak_to_grid_median_abs_error_ms,mtb_ioi_mean_s,10,0.06945278808229621,6,4,81.83873075457693,1.9092708009605393e-09,0.1044104346791894,,2.580095676973702e-09
optimizer_beat_density_per_s,zero_crossing_rate_std,10,0.05329832197111736,7,3,81.23068849543604,2.4244073154725344e-09,0.0476216232389819,,3.2542380073456834e-09
optimizer_peak_to_grid_median_abs_error_ms,mean_midi_ioi_s,10,0.0695417345465977,6,4,81.14533732619518,2.5069807739783594e-09,0.1043073228824777,,3.3426410319711455e-09
optimizer_beat_density_per_s,mtb_pitch_mean,10,0.061185188884605446,7,3,80.300753717187,3.4903113767875416e-09,0.089263007577088,,4.622928975877539e-09
optimizer_beat_density_per_s,mean_pitch,10,0.061185188884605446,7,3,80.25735729324826,3.5500755496297122e-09,0.0892722474171482,,4.671152038986464e-09
optimizer_peak_density_per_s,rms_std,10,0.02114262127371109,6,4,79.82584318141194,4.202398217559824e-09,0.074323687917473,,5.493331003346175e-09
optimizer_peak_to_grid_median_abs_error_ms,mtb_ioi_cv,10,-0.04858557346876208,1,9,79.25749056012677,5.245963596709077e-09,-0.0504453823364723,,6.812939735985815e-09
optimizer_peak_to_grid_median_abs_error_ms,cv_midi_ioi,10,-0.04954804593259046,1,9,78.77111278656703,6.340313618153712e-09,-0.0505481697116094,,8.181049829875757e-09
optimizer_peak_to_grid_median_abs_error_ms,std_pitch,10,-0.0987345799329507,1,9,78.62634802021766,6.707725411139264e-09,-0.0801338950212559,,8.599647962999056e-09
optimizer_peak_density_per_s,mtb_n_note_onsets,10,0.06193768515317951,6,4,78.0544172148467,8.37736449871143e-09,0.0721990608933821,,1.060425885912839e-08
optimizer_peak_density_per_s,mtb_note_onset_density_per_s,10,0.06193768515317951,6,4,78.0544172148467,8.37736449871143e-09,0.0721990608933821,,1.060425885912839e-08
optimizer_peak_density_per_s,n_note_onsets,10,0.06193768515317951,6,4,77.73960643897983,9.46583077070231e-09,0.0732476913641407,,1.183228846337789e-08
optimizer_peak_density_per_s,note_onset_density_per_s,10,0.06193768515317951,6,4,77.73960643897983,9.46583077070231e-09,0.0732476913641407,,1.183228846337789e-08
optimizer_peak_density_per_s,mean_midi_ioi_s,10,-0.11700708936112612,2,8,77.13213031554766,1.1977333451207047e-08,-0.0822387306219309,,1.4878675094667138e-08
optimizer_peak_density_per_s,mtb_ioi_mean_s,10,-0.11965843574283011,2,8,76.65938186462205,1.4379338854662141e-08,-0.0819483755568592,,1.7752270190940916e-08
optimizer_peak_density_per_s,onset_strength_std,10,0.035528773440551914,6,4,75.53086274201425,2.2215950628452236e-08,0.0671289631654343,,2.7258835126935262e-08
optimizer_peak_density_per_s,cv_midi_ioi,10,0.07558904500993585,7,3,73.81111920822296,4.295361722716761e-08,0.0616616807689977,,5.2382460033131224e-08
optimizer_peak_to_grid_median_abs_error_ms,mtb_approx_polyphony,10,-0.015697121402896877,4,6,73.30114788729664,5.218367594250074e-08,0.0397229172768242,,6.325294053636453e-08
optimizer_peak_to_grid_median_abs_error_ms,approx_polyphony,10,-0.012427216254604837,4,6,73.22262677136092,5.376939183442853e-08,0.0416405932104727,,6.47823998005163e-08
optimizer_peak_density_per_s,rms_mean,10,0.059076033256326765,9,1,72.14778106526505,8.092279649606316e-08,0.1128689845551271,,9.69135287378002e-08
optimizer_peak_density_per_s,mtb_ioi_cv,10,0.07502236261208922,7,3,72.0502419140072,8.397351607733128e-08,0.0616510624451738,,9.996847152063247e-08
optimizer_peak_density_per_s,spectral_bandwidth_hz_mean,10,-0.09239957213874833,2,8,71.60107448715489,9.955555754707082e-08,-0.10660878328549,,1.17817227866356e-07
optimizer_peak_density_per_s,mir_rms,10,0.057277945833341025,9,1,71.37400405370238,1.0848815466771183e-07,0.111526674189952,,1.276331231384845e-07
optimizer_peak_density_per_s,zero_crossing_rate_mean,10,-0.0012256336701148753,5,5,68.92275068348154,2.72801225448533e-07,0.0337237643389027,,3.1906576075851815e-07
optimizer_peak_coverage_70ms,zero_crossing_rate_std,9,-0.03274714080124325,3,6,64.34102848873222,3.994659236294112e-07,-0.0299384470183277,,4.6449526003419903e-07
optimizer_peak_density_per_s,mtb_ioi_std_s,10,0.08219422647678962,8,2,66.69889448227538,6.24060539421548e-07,0.0562870098443205,,7.214572710075698e-07
optimizer_peak_density_per_s,onset_strength_mean,10,0.05792002558018054,8,2,65.65618958680857,9.170057872316902e-07,0.0796711258170442,,1.0540296404961956e-06
optimizer_peak_density_per_s,mir_roughness,10,0.0848451368863831,8,2,62.606154813967635,2.792579773787929e-06,0.0754932112712852,,3.1915197414719187e-06
optimizer_peak_coverage_70ms,mtb_pitch_std,9,0.029115540657761396,6,3,56.986751814784355,6.21944527076763e-06,0.0699120543542259,,7.067551444054125e-06
optimizer_peak_density_per_s,mean_velocity,10,0.029615432090950237,7,3,58.341855917500204,1.2818230905844194e-05,0.0344055903507766,,1.4483876729767451e-05
optimizer_peak_coverage_70ms,std_pitch,9,0.040137987554777786,7,2,54.47869175733932,1.5451297204632905e-05,0.0690335590118212,,1.736100809509315e-05
optimizer_peak_density_per_s,spectral_rolloff_hz_std,10,-0.04348349995360488,5,5,57.69869965715482,1.6072087525050295e-05,-0.0359831701937449,,1.7957639692793627e-05
optimizer_beat_density_per_s,mir_rms,10,0.059576044106596865,7,3,55.80671403960734,3.108209734217909e-05,0.0523253372761946,,3.453566371353232e-05
optimizer_peak_coverage_70ms,mtb_active_note_count,9,0.01578444017598917,6,3,51.28686331246585,4.811411849606994e-05,0.0712943992641917,,5.3164771818861814e-05
optimizer_peak_coverage_70ms,active_note_count,9,0.015330795160125301,6,3,51.12790980990149,5.0878833939598234e-05,0.0681820554080187,,5.591080652703103e-05
optimizer_peak_density_per_s,mtb_duration_mean_s,10,0.036993332267843855,5,5,51.68185051731054,0.00012667303956237567,0.0625590989505711,,0.00013844048039603898
optimizer_peak_density_per_s,mean_note_duration_s,10,0.03639883963048415,5,5,51.530323362759184,0.00013325960625174693,0.0619185087593503,,0.00014484739809972493
optimizer_beat_density_per_s,rms_mean,10,0.06739892494248384,6,4,51.13549783911178,0.00015202652639694246,0.0511377103070242,,0.00016435300151020806
optimizer_peak_coverage_70ms,mtb_ioi_cv,9,0.023014629432070235,7,2,47.90700450594295,0.00015542990879709398,0.0285724199409856,,0.00016712893419042364
optimizer_peak_density_per_s,mtb_duration_std_s,10,0.06386801552753042,7,3,50.74750626642044,0.00017296156101636196,0.086744425904381,,0.00018498562675546733
optimizer_peak_coverage_70ms,mtb_n_note_onsets,9,0.05124633217203105,5,4,40.77292157531677,0.0016360741162531496,0.0581998582817672,,0.0017230702623649817
optimizer_peak_coverage_70ms,mtb_note_onset_density_per_s,9,0.05124633217203105,5,4,40.77292157531677,0.0016360741162531496,0.0581998582817672,,0.0017230702623649817
optimizer_peak_coverage_70ms,n_note_onsets,9,0.05124633217203105,5,4,40.75471867430098,0.0016455321005585575,0.058496330102545,,0.0017230702623649817
optimizer_peak_coverage_70ms,note_onset_density_per_s,9,0.05124633217203105,5,4,40.75471867430098,0.0016455321005585575,0.058496330102545,,0.0017230702623649817
optimizer_peak_coverage_70ms,onset_strength_std,9,-0.007130319871502398,4,5,39.998981088369014,0.002087925860058067,-0.0325323562182879,,0.00217492277089382
optimizer_peak_coverage_70ms,mtb_duration_std_s,9,0.04668373659207197,6,3,39.54578213627293,0.002405614254955212,-0.0605393334409954,,0.002492864512906955
optimizer_peak_coverage_70ms,mtb_ioi_mean_s,9,-0.07713142039610557,1,8,33.13321363763495,0.01608145060661319,-0.0898062804910182,,0.016578815058364112
optimizer_peak_coverage_70ms,mean_midi_ioi_s,9,-0.075613210172887,1,8,32.88587378897705,0.017228953496778308,-0.0896216515136956,,0.01767072153515724
optimizer_peak_density_per_s,mtb_approx_polyphony,10,0.036485253804648315,7,3,33.18565803174744,0.032190977648531294,0.0495299493103358,,0.03284793637605234
optimizer_peak_density_per_s,approx_polyphony,10,0.03000411357087711,8,2,32.570042706454394,0.037590266253485057,0.047439277665758,,0.03816270685633001
optimizer_beat_density_per_s,mir_roughness,10,0.006882653432766908,5,5,31.882216611814396,0.044569642400961076,0.0341096838122544,,0.045019840809051595
optimizer_beat_density_per_s,mtb_pitch_std,10,0.0012618402016051225,5,5,26.532310572487766,0.14894216900976123,0.0313449263095955,,0.14969062212036305
optimizer_beat_density_per_s,std_pitch,10,0.0004913646491409968,5,5,20.608350946463375,0.42049805464132517,0.0299165167363342,,0.42049805464132517
